Nestbox,Lon,Lat
3,4.974831,53.26948
4,4.975604,53.26959
5,4.975518,53.27022
6,4.976952,53.27027
7,4.977695,53.2703
8,4.978313,53.26995
9,4.979171,53.27049
10,4.986089,53.27172
11,4.986064,53.27247
12,4.983718,53.27222
13,4.983303,53.27139
14,4.981665,53.27135
15,4.980035,53.27188
19,4.977977,53.27161
21,4.975812,53.27202
22,4.974322,53.2716
23,4.972799,53.27105
24,4.972031,53.27037
25,4.9715,53.26992
26,4.972168,53.2698
27,4.974212,53.27259
28,4.97497,53.2725
29,4.972777,53.269
30,4.973614,53.27004
31,4.974064,53.27081
32,4.977837,53.26978
33,4.976809,53.27218
34,4.984582,53.27206
35,4.987165,53.27298
39,4.973725,53.27001
43,4.974444,53.27235
45,4.980888,53.27078
46,4.974364,53.26909
48,4.984663,53.27147
49,4.974012,53.27197
50,4.974303,53.27066
52,4.97551,53.27081
55,4.977652,53.27263
56,4.979887,53.27128
57,4.976369,53.26927
102,4.995656,53.27459
103,4.996236,53.27443
104,4.997309,53.27532
106,4.997076,53.27551
108,4.999194,53.27405
109,4.994683,53.27403
110,4.996771,53.27469
111,4.998843,53.27479
114,4.997665,53.2755
115,4.995983,53.27441
117,4.994204,53.27407
118,4.995247,53.27466
119,4.996602,53.27549
120,4.997232,53.27509
123,5.002703,53.27549
124,4.997713,53.2741
201,5.007384,53.28021
203,5.008086,53.27866
204,5.008957,53.2783
205,5.009853,53.27798
206,5.009673,53.27695
207,5.011597,53.27709
208,5.011622,53.27827
211,5.011264,53.27929
212,5.012386,53.27927
213,5.013766,53.27859
214,5.014016,53.2795
215,5.015096,53.27897
217,5.016006,53.28009
218,5.015962,53.28083
219,5.014819,53.28075
220,5.015193,53.27994
221,5.011863,53.28043
222,5.012417,53.28061
223,5.009343,53.27973
224,5.007747,53.27992
225,5.016392,53.27969
226,5.008192,53.28061
228,5.006582,53.27828
229,5.00771,53.2791
230,5.010022,53.27882
232,5.008865,53.2773
233,5.007313,53.2798
236,5.012094,53.27983
237,5.012253,53.27795
238,5.008755,53.27981
239,5.008594,53.27933
240,5.015945,53.28043
241,5.016071,53.27917
301,5.029538,53.28306
302,5.028111,53.28317
303,5.025169,53.28401
304,5.024626,53.2849
305,5.023843,53.2855
306,5.023104,53.28443
307,5.02588,53.28455
308,5.02731,53.2854
309,5.028115,53.28185
310,5.024732,53.28417
311,5.025332,53.28372
312,5.029018,53.28345
315,5.023734,53.28433
317,5.023546,53.28515
318,5.022911,53.28455
319,5.02581,53.2863
321,5.028995,53.28528
325,5.029233,53.28553
326,5.026652,53.28618
327,5.026083,53.28522
328,5.030332,53.28181
329,5.026332,53.28063
330,5.031643,53.28124
331,5.034727,53.28206
332,5.02639,53.28254
333,5.027993,53.28662
334,5.02943,53.2854
335,5.029364,53.28541
335,5.029387,53.28538
401,5.0772,53.29728
402,5.078,53.29759
403,5.079,53.29788
404,5.0801,53.298
405,5.078933,53.29746
406,5.0812,53.29766
407,5.082,53.29792
408,5.083107,53.29803
409,5.0819,53.29836
410,5.0811,53.29821
411,5.0834,53.29919
412,5.0855,53.29991
413,5.0802,53.30162
414,5.0796,53.30133
415,5.0784,53.30026
417,5.076542,53.30062
418,5.075322,53.30071
419,5.0788,53.30203
420,5.0787,53.30307
422,5.073732,53.30146
423,5.070919,53.30112
424,5.06946,53.30065
425,5.0724,53.30382
426,5.068549,53.30392
427,5.067788,53.30452
428,5.068413,53.30249
429,5.0647,53.3031
430,5.065266,53.30192
435,5.066848,53.29974
436,5.064523,53.29986
437,5.0633,53.30007
438,5.0626,53.29885
440,5.0598,53.29937
441,5.0577,53.30052
442,5.056437,53.30051
443,5.060432,53.30051
444,5.056133,53.30078
445,5.0597,53.30153
450,5.061,53.30116
451,5.0621,53.30191
452,5.051362,53.29734
453,5.049744,53.29689
454,5.048339,53.29643
455,5.046452,53.29626
456,5.04627,53.29576
457,5.046745,53.29718
458,5.047727,53.29808
459,5.046638,53.29883
460,5.045543,53.29745
461,5.047033,53.29498
462,5.0461,53.2904
469,5.0694,53.29977
470,5.06618,53.3002
471,5.058957,53.30053
472,5.0736,53.3022
475,5.086052,53.29921
477,5.0591,53.30092
478,5.0621,53.29936
479,5.0598,53.30018
480,5.057952,53.30116
481,5.0601,53.30109
482,5.060695,53.30138
483,5.065235,53.30092
484,5.066028,53.30406
485,5.0776,53.30302
486,5.0791,53.3022
487,5.0768,53.30019
488,5.0781,53.30075
491,5.0795,53.30028
492,5.0775,53.29959
495,5.069651,53.30442
504,5.0825,53.30167
507,5.0473,53.29094
508,5.0461,53.29328
509,5.046622,53.29453
510,5.047463,53.29634
511,5.047932,53.29751
512,5.044801,53.29812
513,5.049671,53.30089
514,5.055949,53.30108
515,5.0596,53.30186
516,5.0631,53.30295
517,5.0638,53.30348
518,5.071104,53.30264
519,5.0732,53.30454
520,5.074242,53.30421
521,5.0746,53.3034
522,5.0771,53.304
523,5.0792,53.30367
525,5.081517,53.30219
526,5.0848,53.30111
527,5.072,53.30027
535,5.0588,53.29813
538,5.046572,53.29709
540,5.046433,53.29785
543,5.060413,53.30134
546,5.067087,53.30459
549,5.06632,53.30075
556,5.0792,53.3001
566,5.0793,53.30346
568,5.0801,53.30287
572,5.0789,53.30224
577,5.0824,53.29783
585,5.048099,53.29648
586,5.049082,53.29679
587,5.056053,53.30052
590,5.070869,53.30404
591,5.073971,53.30443
592,5.084105,53.30129
593,5.084452,53.29963
601,5.0763,53.3044
607,5.077774,53.29723
609,5.0766,53.29733
610,5.055,53.29407
614,5.0786,53.29721
615,5.0808,53.30266
618,5.07708,53.30105
621,5.083878,53.30117
629,5.081035,53.29888
630,5.0837,53.29877
631,5.0842,53.29811
632,5.083297,53.30006
633,5.0813,53.3011
634,5.0785,53.29942
635,5.0779,53.30208
636,5.0784,53.30257
637,5.079233,53.3028
638,5.081,53.30304
639,5.08064,53.30331
640,5.0784,53.30412
641,5.072156,53.30446
642,5.070963,53.30453
643,5.0669,53.30313
644,5.069562,53.30331
645,5.069651,53.30283
646,5.072506,53.30327
648,5.0699,53.29971
649,5.0639,53.29893
650,5.0633,53.30139
651,5.0609,53.30053
656,5.052123,53.29898
657,5.053034,53.29455
658,5.051631,53.29537
661,5.056512,53.29445
662,5.055482,53.29258
663,5.0533,53.29186
664,5.0487,53.29024
665,5.0523,53.29269
666,5.051056,53.29465
667,5.052337,53.2954
668,5.054279,53.29682
669,5.053388,53.29725
670,5.05599,53.29957
671,5.0519,53.29961
672,5.049821,53.29875
673,5.046466,53.29954
679,5.0615,53.30026
686,5.0633,53.29826
687,5.0678,53.30149
689,5.061227,53.29894
690,5.063,53.29875
691,5.082373,53.30225
699,5.046331,53.29174
704,5.0609,53.30227
705,5.068,53.29915
708,5.0723,53.29922
719,5.051454,53.30085
753,5.049276,53.30138
764,5.049548,53.30147
770,5.0781,53.29695
771,5.048023,53.30011
772,5.045024,53.29959
773,5.0578,53.30148
779,5.0633,53.29846
796,5.054818,53.29007
800,5.064915,53.29724
801,5.051219,53.30147
836,5.0486,53.30091
838,5.045588,53.29577
846,5.054953,53.30176
849,5.0591,53.29888
850,5.059971,53.29859
858,5.058731,53.29604
871,5.0846,53.29787
886,5.056753,53.29535
932,5.04857,53.30064
1001,5.0797,53.29759
1002,5.0807,53.29823
1003,5.0817,53.29868
1004,5.0825,53.29902
1005,5.083,53.29855
1006,5.0854,53.29966
1007,5.085,53.30013
1008,5.0648,53.30209
1009,5.0647,53.30265
1010,5.066887,53.30241
1011,5.065953,53.30346
1012,5.067351,53.30447
1013,5.068421,53.30359
1014,5.068344,53.30338
1015,5.068179,53.30205
1016,5.0689,53.30109
1017,5.069804,53.30111
1018,5.069736,53.30153
1019,5.0705,53.303
1020,5.07095,53.3035
1021,5.073548,53.30317
1025,5.047545,53.29882
1026,5.045772,53.2981
1027,5.046038,53.29759
1028,5.048296,53.29669
1029,5.050081,53.29718
1030,5.0757,53.30472
1031,5.06338,53.30057
1032,5.0623,53.30101
1035,5.059241,53.29306
1039,5.0607,53.30278
5882,5.059498,53.30075