"RingNumber","ColourRingCombo","ColourRing1","ColourRing2","ColourRing3","ColourRing4","BirthYear","Species"
"RN00001","blue-white-green-metal","blue","white","green","metal",2018,"Great tit"
"RN00002","blue-metal-red-white","blue","metal","red","white",1978,"Blue tit"
"RN00003","white-metal-orange-yellow/black","white","metal","orange","yellow/black",1962,"Great tit"
"RN00004","metal-yellow-white-blue-white","metal","yellow","white","blue-white",1974,"Great tit"
"RN00005","blue-metal-blue/white-green","blue","metal","blue/white","green",2004,"Blue tit"
"RN00006","pink/green-white-red-metal","pink/green","white","red","metal",1971,"Great tit"
"RN00007","white-red/white-white-metal","white","red/white","white","metal",1963,"Great tit"
"RN00008","pink/blue-white-blue-red/white-metal","pink/blue","white","blue","red/white-metal",1989,"Great tit"
"RN00009","metal-red-orange-green","metal","red","orange","green",2017,"Blue tit"
"RN00010","yellow-metal-green-white-blue","yellow","metal","green","white-blue",2011,"Great tit"
"RN00011","yellow/black-white-green-metal","yellow/black","white","green","metal",1970,"Great tit"
"RN00012","metal-pink/green-blue-white-blue","metal","pink/green","blue","white-blue",2006,"Great tit"
"RN00013","metal-blue/white-orange-pink/blue","metal","blue/white","orange","pink/blue",1989,"Great tit"
"RN00014","white-blue-metal-red/white-blue/white","white","blue","metal","red/white-blue/white",2008,"Great tit"
"RN00015","pink/green-blue/white-yellow-metal","pink/green","blue/white","yellow","metal",1980,"Blue tit"
"RN00016","red-blue/white-white-metal","red","blue/white","white","metal",1967,"Great tit"
"RN00017","pink/blue-orange-metal-white","pink/blue","orange","metal","white",NA,"Blue tit"
"RN00018","metal-yellow-white-pink/green","metal","yellow","white","pink/green",2001,"Great tit"
"RN00019","yellow/black-red-blue-metal","yellow/black","red","blue","metal",1979,"Blue tit"
"RN00020","white-red-metal-yellow","white","red","metal","yellow",1982,"Blue tit"
"RN00021","white-blue-yellow/black-pink/green-metal","white","blue","yellow/black","pink/green-metal",1983,"Blue tit"
"RN00022","pink/green-pink/blue-metal-yellow","pink/green","pink/blue","metal","yellow",1998,"Blue tit"
"RN00023","pink/green-metal-yellow/black-orange","pink/green","metal","yellow/black","orange",2008,"Blue tit"
"RN00024","yellow-pink/blue-metal-white","yellow","pink/blue","metal","white",NA,"Great tit"
"RN00025","yellow-blue-metal-red","yellow","blue","metal","red",1983,"Great tit"
"RN00026","white-blue-metal-blue-pink/green","white","blue","metal","blue-pink/green",1974,"Blue tit"
"RN00027","blue-blue/white-white-blue-metal","blue","blue/white","white","blue-metal",1967,"Great tit"
"RN00028","metal-orange-red-white","metal","orange","red","white",1989,"Great tit"
"RN00029","blue-metal-pink/blue-red/white","blue","metal","pink/blue","red/white",2009,"Great tit"
"RN00030","metal-red/white-pink/blue-blue/white","metal","red/white","pink/blue","blue/white",1959,"Blue tit"
"RN00031","metal-red-yellow/black-blue","metal","red","yellow/black","blue",2010,"Blue tit"
"RN00032","white-metal-red-yellow/black","white","metal","red","yellow/black",1998,"Blue tit"
"RN00033","yellow/black-metal-green-orange","yellow/black","metal","green","orange",1992,"Great tit"
"RN00034","green-red/white-blue/white-metal","green","red/white","blue/white","metal",1978,"Blue tit"
"RN00035","blue-pink/green-metal-red","blue","pink/green","metal","red",2002,"Blue tit"
"RN00036","metal-red/white-white-blue-yellow","metal","red/white","white","blue-yellow",1969,"Great tit"
"RN00037","metal-white-red-red/white","metal","white","red","red/white",2019,"Great tit"
"RN00038","white-metal-pink/blue-white","white","metal","pink/blue","white",2008,"Great tit"
"RN00039","white-yellow/black-metal-orange","white","yellow/black","metal","orange",1964,"Great tit"
"RN00040","metal-white-blue-blue/white-white","metal","white","blue","blue/white-white",1996,"Great tit"
"RN00041","white-green-metal-red/white","white","green","metal","red/white",1995,"Great tit"
"RN00042","yellow-white-metal-orange","yellow","white","metal","orange",1979,"Great tit"
"RN00043","metal-yellow/black-pink/blue-yellow","metal","yellow/black","pink/blue","yellow",2006,"Great tit"
"RN00044","yellow-yellow/black-metal-blue","yellow","yellow/black","metal","blue",1991,"Great tit"
"RN00045","metal-yellow/black-white-pink/blue","metal","yellow/black","white","pink/blue",1981,"Blue tit"
"RN00046","red/white-white-blue/white-metal","red/white","white","blue/white","metal",1989,"Great tit"
"RN00047","blue-green-orange-metal","blue","green","orange","metal",1988,"Great tit"
"RN00048","pink/green-white-blue-red/white-metal","pink/green","white","blue","red/white-metal",2017,"Blue tit"
"RN00049","yellow-green-metal-orange","yellow","green","metal","orange",2003,"Great tit"
"RN00050","metal-blue-pink/blue-orange","metal","blue","pink/blue","orange",1989,"Great tit"
"RN00051","green-metal-white-blue","green","metal","white","blue",1983,"Great tit"
"RN00052","orange-white-pink/green-metal","orange","white","pink/green","metal",1999,"Great tit"
"RN00053","metal-white-blue-pink/green-blue/white","metal","white","blue","pink/green-blue/white",1988,"Great tit"
"RN00054","yellow/black-metal-red-red/white","yellow/black","metal","red","red/white",2001,"Great tit"
"RN00055","pink/green-orange-metal-white","pink/green","orange","metal","white",1955,"Blue tit"
"RN00056","white-blue-metal-white-blue","white","blue","metal","white-blue",1964,"Great tit"
"RN00057","metal-blue/white-green-blue","metal","blue/white","green","blue",NA,"Great tit"
"RN00058","white-blue-yellow-blue/white-metal","white","blue","yellow","blue/white-metal",1995,"Great tit"
"RN00059","white-yellow-metal-red/white","white","yellow","metal","red/white",1993,"Great tit"
"RN00060","metal-yellow-white-white","metal","yellow","white","white",1960,"Great tit"
"RN00061","green-white-pink/green-metal","green","white","pink/green","metal",1986,"Great tit"
"RN00062","white-blue-white-white-metal","white","blue","white","white-metal",2015,"Blue tit"
"RN00063","green-blue/white-metal-red","green","blue/white","metal","red",1970,"Blue tit"
"RN00064","metal-pink/blue-orange-blue/white","metal","pink/blue","orange","blue/white",1956,"Great tit"
"RN00065","orange-yellow-metal-white","orange","yellow","metal","white",1988,"Great tit"
"RN00066","blue-white-orange-metal","blue","white","orange","metal",1984,"Great tit"
"RN00067","pink/blue-white-metal-white","pink/blue","white","metal","white",1982,"Great tit"
"RN00068","blue/white-white-blue-red-metal","blue/white","white","blue","red-metal",2012,"Great tit"
"RN00069","white-blue-white-metal-blue/white","white","blue","white","metal-blue/white",1984,"Blue tit"
"RN00070","orange-red-metal-white-blue","orange","red","metal","white-blue",1993,"Great tit"
"RN00071","metal-pink/blue-pink/green-blue","metal","pink/blue","pink/green","blue",NA,"Blue tit"
"RN00072","metal-white-orange-green","metal","white","orange","green",2022,"Great tit"
"RN00073","red-white-pink/blue-metal","red","white","pink/blue","metal",2021,"Great tit"
"RN00074","metal-green-orange-pink/blue","metal","green","orange","pink/blue",2000,"Great tit"
"RN00075","yellow-blue-metal-white-blue","yellow","blue","metal","white-blue",2013,"Great tit"
"RN00076","metal-white-pink/green-red/white","metal","white","pink/green","red/white",2002,"Great tit"
"RN00077","white-yellow/black-metal-pink/blue","white","yellow/black","metal","pink/blue",NA,"Great tit"
"RN00078","orange-metal-red/white-white","orange","metal","red/white","white",1982,"Great tit"
"RN00079","pink/blue-metal-green-blue","pink/blue","metal","green","blue",2021,"Blue tit"
"RN00080","white-orange-metal-yellow","white","orange","metal","yellow",1955,"Blue tit"
"RN00081","pink/green-blue/white-blue-metal","pink/green","blue/white","blue","metal",1998,"Great tit"
"RN00082","pink/green-red-white-metal","pink/green","red","white","metal",2003,"Great tit"
"RN00083","green-red/white-metal-pink/blue","green","red/white","metal","pink/blue",1987,"Great tit"
"RN00084","yellow/black-green-metal-white-blue","yellow/black","green","metal","white-blue",1990,"Blue tit"
"RN00085","orange-white-blue-metal-pink/green","orange","white","blue","metal-pink/green",1967,"Blue tit"
"RN00086","white-pink/green-metal-pink/blue","white","pink/green","metal","pink/blue",2000,"Great tit"
"RN00087","white-yellow-metal-red","white","yellow","metal","red",1972,"Great tit"
"RN00088","white-red-metal-yellow","white","red","metal","yellow",2004,"Blue tit"
"RN00089","yellow-white-green-metal","yellow","white","green","metal",1980,"Blue tit"
"RN00090","white-yellow/black-green-metal","white","yellow/black","green","metal",1990,"Blue tit"
"RN00091","white-blue/white-blue-metal","white","blue/white","blue","metal",1990,"Blue tit"
"RN00092","white-blue-blue-metal-pink/green","white","blue","blue","metal-pink/green",2010,"Great tit"
"RN00093","white-blue-pink/green-white-metal","white","blue","pink/green","white-metal",2011,"Great tit"
"RN00094","metal-red-red/white-yellow","metal","red","red/white","yellow",1957,"Blue tit"
"RN00095","blue/white-metal-yellow-orange","blue/white","metal","yellow","orange",1965,"Blue tit"
"RN00096","white-pink/blue-pink/green-metal","white","pink/blue","pink/green","metal",2005,"Blue tit"
"RN00097","white-blue-metal-pink/green-red","white","blue","metal","pink/green-red",1984,"Great tit"
"RN00098","orange-yellow-metal-white","orange","yellow","metal","white",1970,"Great tit"
"RN00099","metal-blue-white-blue/white","metal","blue","white","blue/white",1965,"Great tit"
"RN00100","yellow/black-blue-metal-red/white","yellow/black","blue","metal","red/white",2020,"Blue tit"
