"RingNumber","ColourRingCombo","ColourRingLeft1","ColourRingLeft2","ColourRingRight1","ColourRingRight2","Species","Sex","BirthYear","DeathYear","Parent1","Parent2"
"RN00001","green-yellow/black-white","green","yellow/black","white","","Great tit","F",2012,2015,"RN00162","RN00123"
"RN00002","blue/white-pink/blue-white/blue","blue/white","pink/blue","white/blue","","Great tit","F",2009,2012,"RN00032","RN00328"
"RN00003","orange-metal-pink/blue","orange","metal","pink/blue","","Blue tit","F",1973,1976,"RN00408","RN00135"
"RN00004","red/white-white-white/blue","red/white","white","white/blue","","Blue tit","M",1969,1972,"RN00339","RN00486"
"RN00005","orange-green-white/blue","orange","green","white/blue","","Great tit","M",1996,1999,"RN00034","RN00451"
"RN00006","red/white-yellow-yellow/black","red/white","yellow","yellow/black","","Blue tit","F",2007,2010,"RN00279","RN00147"
"RN00007","red/white-green-red","red/white","green","red","","Great tit","M",2023,2026,"RN00144","RN00180"
"RN00008","white-pink/green-yellow/black","white","pink/green","yellow/black","","Blue tit","F",1972,1975,"RN00201","RN00410"
"RN00009","red/white-green-metal","red/white","green","metal","","Blue tit","F",1995,1998,"RN00302","RN00352"
"RN00010","blue-white/blue-pink/green","blue","white/blue","pink/green","","Blue tit","F",2019,2022,"RN00482","RN00058"
"RN00011","orange-yellow-white","orange","yellow","white","","Blue tit","F",1961,1964,"RN00370","RN00483"
"RN00012","yellow/black-pink/green-red/white","yellow/black","pink/green","red/white","","Great tit","M",2000,2003,"RN00431","RN00402"
"RN00013","red/white-white-pink/green","red/white","white","pink/green","","Great tit","M",1989,1992,"RN00134","RN00219"
"RN00014","white/blue-yellow-orange","white/blue","yellow","orange","","Great tit","F",1967,1970,"RN00068","RN00331"
"RN00015","pink/green-orange-white/blue","pink/green","orange","white/blue","","Blue tit","M",1982,1985,"RN00125","RN00188"
"RN00016","pink/blue-red/white-blue/white","pink/blue","red/white","blue/white","","Great tit","M",1962,1965,"RN00296","RN00465"
"RN00017","yellow/black-orange-red","yellow/black","orange","red","","Blue tit","F",2005,2008,"RN00190","RN00372"
"RN00018","yellow-blue/white-blue","yellow","blue/white","blue","","Great tit","M",2022,2025,"RN00144","RN00500"
"RN00019","red/white-white/blue-yellow/black","red/white","white/blue","yellow/black","","Blue tit","M",1997,2000,"RN00038","RN00109"
"RN00020","pink/blue-orange-red/white","pink/blue","orange","red/white","","Blue tit","F",2010,2013,"RN00444","RN00069"
"RN00021","white-yellow-metal","white","yellow","metal","","Great tit","M",1965,1968,"RN00016","RN00457"
"RN00022","pink/blue-white/blue-red","pink/blue","white/blue","red","","Blue tit","F",1964,1967,"RN00101","RN00071"
"RN00023","pink/blue-yellow/black-pink/green","pink/blue","yellow/black","pink/green","","Great tit","M",2018,2021,"RN00076","RN00422"
"RN00024","blue-pink/blue-blue/white","blue","pink/blue","blue/white","","Blue tit","F",2000,2003,"RN00454","RN00288"
"RN00025","blue-blue/white-metal","blue","blue/white","metal","","Great tit","F",1956,1959,NA,NA
"RN00026","yellow/black-orange-pink/blue","yellow/black","orange","pink/blue","","Blue tit","M",2013,2016,"RN00229","RN00020"
"RN00027","green-red/white-metal","green","red/white","metal","","Great tit","M",1979,1982,"RN00192","RN00415"
"RN00028","pink/blue-red/white-yellow","pink/blue","red/white","yellow","","Great tit","F",1977,1980,"RN00176","RN00159"
"RN00029","pink/green-green-red","pink/green","green","red","","Great tit","M",1974,1977,"RN00143","RN00243"
"RN00030","yellow-red/white-green","yellow","red/white","green","","Blue tit","M",2022,2025,"RN00299","RN00319"
"RN00031","yellow/black-pink/green-green","yellow/black","pink/green","green","","Blue tit","M",1989,1992,"RN00347","RN00046"
"RN00032","pink/green-pink/blue-white","pink/green","pink/blue","white","","Great tit","M",2006,2009,"RN00080","RN00385"
"RN00033","orange-yellow/black-red","orange","yellow/black","red","","Blue tit","F",1955,1958,NA,NA
"RN00034","green-white-blue/white","green","white","blue/white","","Great tit","M",1993,1996,"RN00194","RN00118"
"RN00035","white-yellow-blue/white","white","yellow","blue/white","","Blue tit","F",1993,1996,"RN00187","RN00280"
"RN00036","white-pink/blue-metal","white","pink/blue","metal","","Blue tit","M",2017,2020,"RN00103","RN00429"
"RN00037","blue-pink/blue-green","blue","pink/blue","green","","Blue tit","M",1991,1994,"RN00089","RN00238"
"RN00038","red-green-yellow/black","red","green","yellow/black","","Blue tit","M",1996,1999,"RN00480","RN00035"
"RN00039","blue-pink/green-white/blue","blue","pink/green","white/blue","","Great tit","M",2013,2016,"RN00165","RN00208"
"RN00040","pink/green-yellow/black-white","pink/green","yellow/black","white","","Great tit","M",2002,2005,"RN00272","RN00402"
"RN00041","pink/blue-pink/green-white/blue","pink/blue","pink/green","white/blue","","Great tit","F",1985,1988,"RN00309","RN00363"
"RN00042","white-orange-pink/blue","white","orange","pink/blue","","Great tit","M",2013,2016,"RN00165","RN00208"
"RN00043","red-orange-pink/green","red","orange","pink/green","","Blue tit","F",2007,2010,"RN00279","RN00147"
"RN00044","white/blue-metal-green","white/blue","metal","green","","Blue tit","F",2001,2004,"RN00227","RN00024"
"RN00045","red/white-pink/green-pink/blue","red/white","pink/green","pink/blue","","Blue tit","M",1968,1971,"RN00488","RN00443"
"RN00046","white-red/white-pink/green","white","red/white","pink/green","","Blue tit","F",1987,1990,"RN00440","RN00137"
"RN00047","blue/white-green-red","blue/white","green","red","","Blue tit","F",1991,1994,"RN00089","RN00238"
"RN00048","metal-pink/green-yellow/black","metal","pink/green","yellow/black","","Great tit","F",1966,1969,"RN00258","RN00114"
"RN00049","blue-red-metal","blue","red","metal","","Blue tit","F",1976,1979,"RN00423","RN00094"
"RN00050","red/white-red-pink/blue","red/white","red","pink/blue","","Blue tit","F",1977,1980,"RN00472","RN00379"
"RN00051","white/blue-metal-red","white/blue","metal","red","","Great tit","F",1974,1977,"RN00143","RN00243"
"RN00052","green-metal-yellow","green","metal","yellow","","Great tit","M",1964,1967,"RN00016","RN00226"
"RN00053","yellow-pink/blue-blue","yellow","pink/blue","blue","","Great tit","M",2021,2024,"RN00023","RN00371"
"RN00054","white-white/blue-metal","white","white/blue","metal","","Blue tit","F",1963,1966,"RN00450","RN00011"
"RN00055","white/blue-red/white-pink/green","white/blue","red/white","pink/green","","Great tit","F",1981,1984,"RN00027","RN00348"
"RN00056","red-orange-blue/white","red","orange","blue/white","","Blue tit","F",1971,1974,"RN00004","RN00099"
"RN00057","white/blue-pink/blue-red/white","white/blue","pink/blue","red/white","","Great tit","F",2022,2025,"RN00144","RN00500"
"RN00058","red-yellow-white","red","yellow","white","","Blue tit","F",2017,2020,"RN00103","RN00429"
"RN00059","metal-orange-pink/green","metal","orange","pink/green","","Great tit","M",1987,1990,"RN00119","RN00363"
"RN00060","yellow/black-blue-red","yellow/black","blue","red","","Great tit","M",1997,2000,"RN00311","RN00267"
"RN00061","red-white-red/white","red","white","red/white","","Great tit","M",1977,1980,"RN00176","RN00159"
"RN00062","red-blue/white-orange","red","blue/white","orange","","Great tit","F",1994,1997,"RN00275","RN00118"
"RN00063","red/white-pink/green-yellow","red/white","pink/green","yellow","","Great tit","M",1971,1974,"RN00345","RN00067"
"RN00064","white-yellow-yellow/black","white","yellow","yellow/black","","Blue tit","F",2022,2025,"RN00299","RN00319"
"RN00065","red-pink/blue-pink/green","red","pink/blue","pink/green","","Blue tit","M",2005,2008,"RN00190","RN00372"
"RN00066","white-white/blue-blue","white","white/blue","blue","","Blue tit","F",1977,1980,"RN00472","RN00379"
"RN00067","red/white-green-white","red/white","green","white","","Great tit","F",1970,1973,"RN00341","RN00426"
"RN00068","orange-pink/blue-white/blue","orange","pink/blue","white/blue","","Great tit","M",1966,1969,"RN00258","RN00114"
"RN00069","white/blue-red/white-metal","white/blue","red/white","metal","","Blue tit","F",2008,2011,"RN00444","RN00006"
"RN00070","white-pink/green-red/white","white","pink/green","red/white","","Great tit","F",1957,1960,"RN00417","RN00025"
"RN00071","pink/green-white-metal","pink/green","white","metal","","Blue tit","F",1961,1964,"RN00370","RN00483"
"RN00072","yellow/black-red-red/white","yellow/black","red","red/white","","Great tit","M",1957,1960,"RN00417","RN00025"
"RN00073","red/white-yellow/black-orange","red/white","yellow/black","orange","","Great tit","F",2007,2010,"RN00032","RN00399"
"RN00074","pink/green-pink/blue-white/blue","pink/green","pink/blue","white/blue","","Great tit","F",1974,1977,"RN00143","RN00243"
"RN00075","blue-white-yellow","blue","white","yellow","","Blue tit","M",1973,1976,"RN00408","RN00135"
"RN00076","blue-white-yellow/black","blue","white","yellow/black","","Great tit","M",2015,2018,"RN00247","RN00349"
"RN00077","yellow/black-white-white/blue","yellow/black","white","white/blue","","Blue tit","F",1958,1961,"RN00368","RN00033"
"RN00078","orange-pink/green-yellow/black","orange","pink/green","yellow/black","","Great tit","F",1980,1983,"RN00334","RN00348"
"RN00079","white-red/white-metal","white","red/white","metal","","Blue tit","M",1962,1965,"RN00377","RN00011"
"RN00080","pink/blue-blue/white-blue","pink/blue","blue/white","blue","","Great tit","M",2003,2006,"RN00040","RN00152"
"RN00081","orange-red/white-metal","orange","red/white","metal","","Blue tit","F",2012,2015,"RN00362","RN00020"
"RN00082","green-red/white-blue","green","red/white","blue","","Great tit","M",1969,1972,"RN00181","RN00083"
"RN00083","blue/white-metal-white","blue/white","metal","white","","Great tit","F",1967,1970,"RN00068","RN00331"
"RN00084","blue-orange-yellow","blue","orange","yellow","","Blue tit","M",2015,2018,"RN00026","RN00127"
"RN00085","red/white-red-pink/green","red/white","red","pink/green","","Blue tit","M",1985,1988,"RN00015","RN00137"
"RN00086","red/white-orange-blue/white","red/white","orange","blue/white","","Great tit","M",1997,2000,"RN00311","RN00267"
"RN00087","white-pink/blue-pink/green","white","pink/blue","pink/green","","Great tit","M",1959,1962,"RN00417","RN00199"
"RN00088","yellow/black-red/white-blue","yellow/black","red/white","blue","","Great tit","M",1978,1981,"RN00061","RN00293"
"RN00089","orange-yellow-yellow/black","orange","yellow","yellow/black","","Blue tit","M",1990,1993,"RN00096","RN00414"
"RN00090","red-orange-pink/green","red","orange","pink/green","","Great tit","F",2013,2016,"RN00165","RN00208"
"RN00091","metal-blue/white-blue","metal","blue/white","blue","","Blue tit","F",1992,1995,"RN00187","RN00264"
"RN00092","blue-blue/white-yellow/black","blue","blue/white","yellow/black","","Blue tit","F",2023,2026,"RN00308","RN00333"
"RN00093","blue/white-red-blue","blue/white","red","blue","","Great tit","M",2015,2018,"RN00247","RN00349"
"RN00094","green-blue/white-yellow","green","blue/white","yellow","","Blue tit","F",1973,1976,"RN00408","RN00135"
"RN00095","orange-yellow-red/white","orange","yellow","red/white","","Blue tit","M",1966,1969,"RN00274","RN00054"
"RN00096","yellow/black-white-pink/blue","yellow/black","white","pink/blue","","Blue tit","M",1987,1990,"RN00440","RN00137"
"RN00097","white-yellow/black-pink/blue","white","yellow/black","pink/blue","","Great tit","M",1985,1988,"RN00309","RN00363"
"RN00098","yellow-green-metal","yellow","green","metal","","Blue tit","M",1990,1993,"RN00096","RN00414"
"RN00099","white/blue-yellow/black-green","white/blue","yellow/black","green","","Blue tit","F",1969,1972,"RN00339","RN00486"
"RN00100","yellow/black-pink/green-green","yellow/black","pink/green","green","","Blue tit","M",1982,1985,"RN00125","RN00188"
"RN00101","blue/white-pink/green-green","blue/white","pink/green","green","","Blue tit","M",1962,1965,"RN00377","RN00011"
"RN00102","red/white-pink/green-yellow/black","red/white","pink/green","yellow/black","","Blue tit","F",2000,2003,"RN00454","RN00288"
"RN00103","metal-blue/white-pink/blue","metal","blue/white","pink/blue","","Blue tit","M",2014,2017,"RN00026","RN00259"
"RN00104","white-yellow-red/white","white","yellow","red/white","","Great tit","M",1996,1999,"RN00034","RN00451"
"RN00105","yellow-white/blue-pink/green","yellow","white/blue","pink/green","","Blue tit","M",2024,2027,"RN00359","RN00333"
"RN00106","yellow/black-orange-white/blue","yellow/black","orange","white/blue","","Great tit","F",2022,2025,"RN00144","RN00500"
"RN00107","blue-green-blue/white","blue","green","blue/white","","Great tit","F",1997,2000,"RN00311","RN00267"
"RN00108","orange-blue-green","orange","blue","green","","Great tit","F",2017,2020,"RN00093","RN00422"
"RN00109","red/white-blue/white-pink/blue","red/white","blue/white","pink/blue","","Blue tit","F",1994,1997,"RN00354","RN00035"
"RN00110","green-yellow/black-red/white","green","yellow/black","red/white","","Great tit","F",2000,2003,"RN00431","RN00402"
"RN00111","blue/white-blue-pink/blue","blue/white","blue","pink/blue","","Great tit","F",1974,1977,"RN00143","RN00243"
"RN00112","white-red-yellow/black","white","red","yellow/black","","Great tit","M",1961,1964,"RN00296","RN00367"
"RN00113","white-metal-pink/blue","white","metal","pink/blue","","Great tit","F",2007,2010,"RN00032","RN00399"
"RN00114","metal-yellow/black-red/white","metal","yellow/black","red/white","","Great tit","F",1965,1968,"RN00016","RN00457"
"RN00115","red-pink/green-white","red","pink/green","white","","Blue tit","M",2003,2006,"RN00227","RN00024"
"RN00116","blue-blue/white-red","blue","blue/white","red","","Great tit","M",1956,1959,NA,NA
"RN00117","green-white-pink/green","green","white","pink/green","","Blue tit","M",1983,1986,"RN00251","RN00182"
"RN00118","white/blue-blue-blue/white","white/blue","blue","blue/white","","Great tit","F",1991,1994,"RN00013","RN00332"
"RN00119","green-yellow/black-pink/blue","green","yellow/black","pink/blue","","Great tit","M",1984,1987,"RN00224","RN00490"
"RN00120","white-orange-metal","white","orange","metal","","Blue tit","F",2006,2009,"RN00190","RN00017"
"RN00121","blue/white-blue-yellow","blue/white","blue","yellow","","Blue tit","M",1960,1963,"RN00360","RN00077"
"RN00122","yellow-orange-blue/white","yellow","orange","blue/white","","Great tit","M",2017,2020,"RN00093","RN00422"
"RN00123","blue/white-yellow-green","blue/white","yellow","green","","Great tit","F",2009,2012,"RN00032","RN00328"
"RN00124","orange-pink/blue-white","orange","pink/blue","white","","Great tit","M",1989,1992,"RN00134","RN00219"
"RN00125","green-white/blue-yellow/black","green","white/blue","yellow/black","","Blue tit","M",1981,1984,"RN00251","RN00271"
"RN00126","blue-red-yellow/black","blue","red","yellow/black","","Great tit","F",1995,1998,"RN00034","RN00234"
"RN00127","white/blue-metal-red","white/blue","metal","red","","Blue tit","F",2014,2017,"RN00026","RN00259"
"RN00128","yellow-white-yellow/black","yellow","white","yellow/black","","Great tit","M",1986,1989,"RN00418","RN00041"
"RN00129","red-yellow-pink/green","red","yellow","pink/green","","Blue tit","F",2014,2017,"RN00026","RN00259"
"RN00130","blue/white-blue-metal","blue/white","blue","metal","","Blue tit","M",1958,1961,"RN00368","RN00033"
"RN00131","white/blue-red/white-orange","white/blue","red/white","orange","","Blue tit","M",2005,2008,"RN00190","RN00372"
"RN00132","white/blue-yellow-red","white/blue","yellow","red","","Great tit","M",1994,1997,"RN00275","RN00118"
"RN00133","blue/white-orange-yellow/black","blue/white","orange","yellow/black","","Blue tit","M",1992,1995,"RN00187","RN00264"
"RN00134","pink/blue-white-yellow","pink/blue","white","yellow","","Great tit","M",1988,1991,"RN00464","RN00204"
"RN00135","red/white-white/blue-pink/green","red/white","white/blue","pink/green","","Blue tit","F",1972,1975,"RN00201","RN00410"
"RN00136","pink/blue-yellow-green","pink/blue","yellow","green","","Blue tit","F",1989,1992,"RN00347","RN00046"
"RN00137","white/blue-red-yellow/black","white/blue","red","yellow/black","","Blue tit","F",1984,1987,"RN00495","RN00327"
"RN00138","pink/green-metal-red","pink/green","metal","red","","Blue tit","M",1957,1960,"RN00453","RN00314"
"RN00139","yellow-green-red","yellow","green","red","","Great tit","F",1986,1989,"RN00418","RN00041"
"RN00140","pink/blue-metal-pink/green","pink/blue","metal","pink/green","","Great tit","F",1984,1987,"RN00224","RN00490"
"RN00141","white-white/blue-red","white","white/blue","red","","Blue tit","M",1979,1982,"RN00306","RN00271"
"RN00142","metal-white-red/white","metal","white","red/white","","Great tit","M",1998,2001,"RN00311","RN00316"
"RN00143","pink/blue-green-metal","pink/blue","green","metal","","Great tit","M",1973,1976,"RN00471","RN00269"
"RN00144","red/white-yellow/black-metal","red/white","yellow/black","metal","","Great tit","M",2020,2023,"RN00023","RN00242"
"RN00145","metal-pink/blue-orange","metal","pink/blue","orange","","Great tit","M",1998,2001,"RN00311","RN00316"
"RN00146","blue-red-pink/green","blue","red","pink/green","","Great tit","F",1972,1975,"RN00082","RN00269"
"RN00147","yellow-orange-pink/blue","yellow","orange","pink/blue","","Blue tit","F",2005,2008,"RN00190","RN00372"
"RN00148","green-red-white","green","red","white","","Great tit","M",2001,2004,"RN00012","RN00110"
"RN00149","orange-pink/green-metal","orange","pink/green","metal","","Blue tit","F",2001,2004,"RN00227","RN00024"
"RN00150","yellow-red/white-white/blue","yellow","red/white","white/blue","","Great tit","M",1957,1960,"RN00417","RN00025"
"RN00151","white/blue-green-white","white/blue","green","white","","Blue tit","M",2024,2027,"RN00359","RN00333"
"RN00152","pink/green-blue/white-red/white","pink/green","blue/white","red/white","","Great tit","F",2002,2005,"RN00272","RN00402"
"RN00153","pink/blue-metal-yellow/black","pink/blue","metal","yellow/black","","Great tit","M",2009,2012,"RN00032","RN00328"
"RN00154","blue/white-yellow/black-red","blue/white","yellow/black","red","","Great tit","M",1998,2001,"RN00311","RN00316"
"RN00155","red-white/blue-orange","red","white/blue","orange","","Great tit","M",1985,1988,"RN00309","RN00363"
"RN00156","red/white-pink/green-green","red/white","pink/green","green","","Blue tit","F",2001,2004,"RN00227","RN00024"
"RN00157","pink/green-red-white/blue","pink/green","red","white/blue","","Blue tit","F",2006,2009,"RN00190","RN00017"
"RN00158","white-orange-blue","white","orange","blue","","Blue tit","F",2015,2018,"RN00026","RN00127"
"RN00159","pink/green-pink/blue-red","pink/green","pink/blue","red","","Great tit","F",1974,1977,"RN00143","RN00243"
"RN00160","metal-pink/blue-blue","metal","pink/blue","blue","","Great tit","F",2024,2027,"RN00183","RN00106"
"RN00161","green-yellow-metal","green","yellow","metal","","Blue tit","F",2005,2008,"RN00190","RN00372"
"RN00162","blue-orange-white/blue","blue","orange","white/blue","","Great tit","M",2010,2013,"RN00153","RN00328"
"RN00163","metal-blue/white-pink/green","metal","blue/white","pink/green","","Great tit","F",1998,2001,"RN00311","RN00316"
"RN00164","green-white-yellow/black","green","white","yellow/black","","Great tit","F",1998,2001,"RN00104","RN00107"
"RN00165","white/blue-blue-pink/green","white/blue","blue","pink/green","","Great tit","M",2012,2015,"RN00162","RN00123"
"RN00166","yellow/black-pink/blue-metal","yellow/black","pink/blue","metal","","Blue tit","M",1988,1991,"RN00390","RN00218"
"RN00167","orange-pink/green-green","orange","pink/green","green","","Great tit","M",2024,2027,"RN00183","RN00106"
"RN00168","blue/white-red-metal","blue/white","red","metal","","Great tit","F",1961,1964,"RN00296","RN00367"
"RN00169","pink/blue-white-pink/green","pink/blue","white","pink/green","","Great tit","M",1971,1974,"RN00345","RN00067"
"RN00170","white/blue-yellow/black-pink/blue","white/blue","yellow/black","pink/blue","","Great tit","M",1994,1997,"RN00275","RN00118"
"RN00171","blue-pink/blue-red","blue","pink/blue","red","","Blue tit","M",2007,2010,"RN00279","RN00147"
"RN00172","green-blue/white-white/blue","green","blue/white","white/blue","","Great tit","M",1991,1994,"RN00013","RN00332"
"RN00173","green-blue-blue/white","green","blue","blue/white","","Blue tit","F",1969,1972,"RN00339","RN00486"
"RN00174","blue/white-red-white","blue/white","red","white","","Blue tit","M",1999,2002,"RN00038","RN00438"
"RN00175","metal-red/white-pink/green","metal","red/white","pink/green","","Great tit","F",2003,2006,"RN00040","RN00152"
"RN00176","red-green-pink/blue","red","green","pink/blue","","Great tit","M",1975,1978,"RN00353","RN00051"
"RN00177","white/blue-pink/blue-red","white/blue","pink/blue","red","","Blue tit","F",1984,1987,"RN00495","RN00327"
"RN00178","blue-yellow-blue/white","blue","yellow","blue/white","","Blue tit","M",1990,1993,"RN00096","RN00414"
"RN00179","orange-red-yellow","orange","red","yellow","","Blue tit","F",2008,2011,"RN00444","RN00006"
"RN00180","yellow-pink/green-orange","yellow","pink/green","orange","","Great tit","F",2020,2023,"RN00023","RN00242"
"RN00181","blue-white-white/blue","blue","white","white/blue","","Great tit","M",1966,1969,"RN00258","RN00114"
"RN00182","red/white-yellow/black-white/blue","red/white","yellow/black","white/blue","","Blue tit","F",1981,1984,"RN00251","RN00271"
"RN00183","pink/green-white-metal","pink/green","white","metal","","Great tit","M",2021,2024,"RN00023","RN00371"
"RN00184","yellow/black-red-white/blue","yellow/black","red","white/blue","","Blue tit","F",1973,1976,"RN00408","RN00135"
"RN00185","metal-green-pink/green","metal","green","pink/green","","Blue tit","F",1988,1991,"RN00390","RN00218"
"RN00186","blue-pink/blue-white","blue","pink/blue","white","","Great tit","M",1978,1981,"RN00061","RN00293"
"RN00187","yellow-white-blue","yellow","white","blue","","Blue tit","M",1990,1993,"RN00096","RN00414"
"RN00188","pink/green-orange-pink/blue","pink/green","orange","pink/blue","","Blue tit","F",1981,1984,"RN00251","RN00271"
"RN00189","white-pink/blue-red/white","white","pink/blue","red/white","","Great tit","M",1994,1997,"RN00275","RN00118"
"RN00190","red-blue-pink/blue","red","blue","pink/blue","","Blue tit","M",2003,2006,"RN00227","RN00024"
"RN00191","blue/white-red-white","blue/white","red","white","","Great tit","F",2016,2019,"RN00042","RN00467"
"RN00192","red-red/white-yellow/black","red","red/white","yellow/black","","Great tit","M",1976,1979,"RN00143","RN00111"
"RN00193","red/white-yellow/black-metal","red/white","yellow/black","metal","","Blue tit","M",1978,1981,"RN00235","RN00493"
"RN00194","blue-green-red","blue","green","red","","Great tit","M",1991,1994,"RN00013","RN00332"
"RN00195","blue/white-blue-red/white","blue/white","blue","red/white","","Blue tit","F",1990,1993,"RN00031","RN00136"
"RN00196","pink/green-yellow/black-metal","pink/green","yellow/black","metal","","Blue tit","F",1999,2002,"RN00038","RN00438"
"RN00197","yellow-pink/green-metal","yellow","pink/green","metal","","Great tit","M",2013,2016,"RN00165","RN00208"
"RN00198","yellow/black-yellow-red/white","yellow/black","yellow","red/white","","Great tit","M",2002,2005,"RN00272","RN00402"
"RN00199","white/blue-metal-white","white/blue","metal","white","","Great tit","F",1958,1961,"RN00456","RN00025"
"RN00200","red/white-yellow-red","red/white","yellow","red","","Great tit","F",2017,2020,"RN00093","RN00422"
"RN00201","pink/green-red/white-green","pink/green","red/white","green","","Blue tit","M",1970,1973,"RN00004","RN00099"
"RN00202","blue-white/blue-pink/green","blue","white/blue","pink/green","","Blue tit","M",2016,2019,"RN00212","RN00312"
"RN00203","green-pink/green-white","green","pink/green","white","","Great tit","M",1977,1980,"RN00176","RN00159"
"RN00204","green-pink/blue-pink/green","green","pink/blue","pink/green","","Great tit","F",1986,1989,"RN00418","RN00041"
"RN00205","metal-white-blue","metal","white","blue","","Blue tit","F",1977,1980,"RN00472","RN00379"
"RN00206","red-orange-green","red","orange","green","","Blue tit","F",2023,2026,"RN00308","RN00333"
"RN00207","yellow-orange-yellow/black","yellow","orange","yellow/black","","Great tit","F",2008,2011,"RN00432","RN00113"
"RN00208","yellow-pink/blue-red/white","yellow","pink/blue","red/white","","Great tit","F",2012,2015,"RN00162","RN00123"
"RN00209","blue-metal-green","blue","metal","green","","Blue tit","M",1970,1973,"RN00004","RN00099"
"RN00210","orange-blue/white-blue","orange","blue/white","blue","","Blue tit","M",1998,2001,"RN00373","RN00397"
"RN00211","yellow-metal-yellow/black","yellow","metal","yellow/black","","Blue tit","M",1964,1967,"RN00101","RN00071"
"RN00212","white/blue-white-yellow","white/blue","white","yellow","","Blue tit","M",2013,2016,"RN00229","RN00020"
"RN00213","white/blue-orange-pink/blue","white/blue","orange","pink/blue","","Great tit","M",1962,1965,"RN00296","RN00465"
"RN00214","metal-green-yellow","metal","green","yellow","","Blue tit","F",2017,2020,"RN00103","RN00429"
"RN00215","blue-pink/green-orange","blue","pink/green","orange","","Blue tit","M",1974,1977,"RN00423","RN00008"
"RN00216","yellow/black-pink/green-red/white","yellow/black","pink/green","red/white","","Blue tit","F",1972,1975,"RN00201","RN00410"
"RN00217","red/white-red-blue","red/white","red","blue","","Blue tit","M",1992,1995,"RN00187","RN00264"
"RN00218","orange-yellow/black-red","orange","yellow/black","red","","Blue tit","F",1985,1988,"RN00015","RN00137"
"RN00219","yellow-blue/white-pink/blue","yellow","blue/white","pink/blue","","Great tit","F",1988,1991,"RN00464","RN00204"
"RN00220","blue/white-metal-white","blue/white","metal","white","","Great tit","M",2003,2006,"RN00040","RN00152"
"RN00221","pink/green-pink/blue-red","pink/green","pink/blue","red","","Great tit","F",2013,2016,"RN00162","RN00208"
"RN00222","blue-red-white/blue","blue","red","white/blue","","Blue tit","M",1982,1985,"RN00125","RN00188"
"RN00223","orange-white/blue-red/white","orange","white/blue","red/white","","Great tit","M",2004,2007,"RN00080","RN00175"
"RN00224","red-white-metal","red","white","metal","","Great tit","M",1982,1985,"RN00320","RN00361"
"RN00225","yellow-red/white-yellow/black","yellow","red/white","yellow/black","","Blue tit","M",1998,2001,"RN00373","RN00397"
"RN00226","metal-green-pink/green","metal","green","pink/green","","Great tit","F",1961,1964,"RN00296","RN00367"
"RN00227","metal-red-yellow","metal","red","yellow","","Blue tit","M",2000,2003,"RN00454","RN00288"
"RN00228","orange-yellow/black-red","orange","yellow/black","red","","Great tit","F",1986,1989,"RN00418","RN00041"
"RN00229","pink/blue-metal-green","pink/blue","metal","green","","Blue tit","M",2012,2015,"RN00362","RN00020"
"RN00230","white/blue-white-pink/green","white/blue","white","pink/green","","Great tit","M",1973,1976,"RN00471","RN00269"
"RN00231","orange-red-red/white","orange","red","red/white","","Great tit","F",1962,1965,"RN00296","RN00465"
"RN00232","white/blue-white-green","white/blue","white","green","","Blue tit","F",1995,1998,"RN00302","RN00352"
"RN00233","yellow-white-white/blue","yellow","white","white/blue","","Great tit","M",1996,1999,"RN00034","RN00451"
"RN00234","red-green-blue/white","red","green","blue/white","","Great tit","F",1993,1996,"RN00194","RN00118"
"RN00235","white-red-yellow/black","white","red","yellow/black","","Blue tit","M",1977,1980,"RN00472","RN00379"
"RN00236","pink/green-yellow/black-pink/blue","pink/green","yellow/black","pink/blue","","Blue tit","M",1981,1984,"RN00251","RN00271"
"RN00237","blue-metal-yellow/black","blue","metal","yellow/black","","Great tit","M",1958,1961,"RN00456","RN00025"
"RN00238","orange-white-yellow","orange","white","yellow","","Blue tit","F",1988,1991,"RN00390","RN00218"
"RN00239","blue/white-pink/green-red","blue/white","pink/green","red","","Great tit","M",1980,1983,"RN00334","RN00348"
"RN00240","green-blue/white-pink/blue","green","blue/white","pink/blue","","Blue tit","F",2001,2004,"RN00227","RN00024"
"RN00241","white/blue-green-red/white","white/blue","green","red/white","","Great tit","F",2018,2021,"RN00076","RN00422"
"RN00242","pink/green-red/white-pink/blue","pink/green","red/white","pink/blue","","Great tit","F",2019,2022,"RN00249","RN00241"
"RN00243","red-red/white-orange","red","red/white","orange","","Great tit","F",1971,1974,"RN00345","RN00067"
"RN00244","pink/green-red/white-blue/white","pink/green","red/white","blue/white","","Great tit","F",1997,2000,"RN00104","RN00451"
"RN00245","red-red/white-white/blue","red","red/white","white/blue","","Blue tit","F",1990,1993,"RN00031","RN00136"
"RN00246","red-white/blue-metal","red","white/blue","metal","","Great tit","M",1992,1995,"RN00283","RN00430"
"RN00247","pink/green-red-blue/white","pink/green","red","blue/white","","Great tit","M",2014,2017,"RN00250","RN00090"
"RN00248","yellow-white/blue-pink/blue","yellow","white/blue","pink/blue","","Blue tit","F",1971,1974,"RN00004","RN00099"
"RN00249","blue-white/blue-white","blue","white/blue","white","","Great tit","M",2018,2021,"RN00076","RN00422"
"RN00250","pink/blue-orange-white","pink/blue","orange","white","","Great tit","M",2013,2016,"RN00162","RN00208"
"RN00251","red/white-blue/white-green","red/white","blue/white","green","","Blue tit","M",1980,1983,"RN00306","RN00050"
"RN00252","green-blue/white-white","green","blue/white","white","","Blue tit","M",1986,1989,"RN00411","RN00137"
"RN00253","red-yellow-yellow/black","red","yellow","yellow/black","","Blue tit","F",2023,2026,"RN00308","RN00333"
"RN00254","blue/white-white/blue-pink/blue","blue/white","white/blue","pink/blue","","Blue tit","M",1983,1986,"RN00251","RN00182"
"RN00255","pink/green-blue-yellow/black","pink/green","blue","yellow/black","","Blue tit","F",1975,1978,"RN00215","RN00003"
"RN00256","yellow/black-red-pink/blue","yellow/black","red","pink/blue","","Blue tit","M",2002,2005,"RN00326","RN00355"
"RN00257","white/blue-white-blue","white/blue","white","blue","","Blue tit","F",1991,1994,"RN00089","RN00238"
"RN00258","pink/green-yellow/black-green","pink/green","yellow/black","green","","Great tit","M",1965,1968,"RN00016","RN00457"
"RN00259","blue-red-white","blue","red","white","","Blue tit","F",2012,2015,"RN00362","RN00020"
"RN00260","white/blue-blue-yellow","white/blue","blue","yellow","","Great tit","M",1965,1968,"RN00016","RN00457"
"RN00261","blue/white-yellow/black-metal","blue/white","yellow/black","metal","","Great tit","F",1976,1979,"RN00143","RN00111"
"RN00262","white/blue-white-yellow","white/blue","white","yellow","","Great tit","F",1971,1974,"RN00345","RN00067"
"RN00263","orange-red/white-green","orange","red/white","green","","Blue tit","F",1988,1991,"RN00390","RN00218"
"RN00264","pink/green-yellow/black-blue/white","pink/green","yellow/black","blue/white","","Blue tit","F",1989,1992,"RN00347","RN00046"
"RN00265","blue/white-yellow-orange","blue/white","yellow","orange","","Blue tit","M",1958,1961,"RN00368","RN00033"
"RN00266","yellow/black-red-metal","yellow/black","red","metal","","Blue tit","M",1995,1998,"RN00302","RN00352"
"RN00267","metal-pink/green-white","metal","pink/green","white","","Great tit","F",1995,1998,"RN00034","RN00234"
"RN00268","orange-blue/white-yellow","orange","blue/white","yellow","","Blue tit","F",1996,1999,"RN00480","RN00035"
"RN00269","yellow-white/blue-green","yellow","white/blue","green","","Great tit","F",1970,1973,"RN00341","RN00426"
"RN00270","pink/blue-blue/white-white","pink/blue","blue/white","white","","Blue tit","M",1967,1970,"RN00487","RN00443"
"RN00271","red/white-green-pink/blue","red/white","green","pink/blue","","Blue tit","F",1978,1981,"RN00235","RN00493"
"RN00272","green-red-blue","green","red","blue","","Great tit","M",2001,2004,"RN00012","RN00110"
"RN00273","blue/white-yellow-white/blue","blue/white","yellow","white/blue","","Blue tit","M",1958,1961,"RN00368","RN00033"
"RN00274","yellow/black-orange-yellow","yellow/black","orange","yellow","","Blue tit","M",1964,1967,"RN00101","RN00071"
"RN00275","metal-white/blue-pink/green","metal","white/blue","pink/green","","Great tit","M",1991,1994,"RN00013","RN00332"
"RN00276","green-white-pink/green","green","white","pink/green","","Great tit","M",1972,1975,"RN00082","RN00269"
"RN00277","white-pink/green-blue/white","white","pink/green","blue/white","","Blue tit","F",1976,1979,"RN00423","RN00094"
"RN00278","blue/white-yellow/black-green","blue/white","yellow/black","green","","Blue tit","M",1973,1976,"RN00408","RN00135"
"RN00279","red-red/white-blue","red","red/white","blue","","Blue tit","M",2004,2007,"RN00256","RN00240"
"RN00280","pink/green-red-blue","pink/green","red","blue","","Blue tit","F",1992,1995,"RN00187","RN00264"
"RN00281","red/white-green-yellow/black","red/white","green","yellow/black","","Blue tit","F",1994,1997,"RN00354","RN00035"
"RN00282","blue/white-white/blue-metal","blue/white","white/blue","metal","","Blue tit","M",1961,1964,"RN00370","RN00483"
"RN00283","red-metal-white/blue","red","metal","white/blue","","Great tit","M",1990,1993,"RN00475","RN00219"
"RN00284","yellow-blue/white-pink/blue","yellow","blue/white","pink/blue","","Blue tit","F",1966,1969,"RN00274","RN00054"
"RN00285","green-yellow-pink/green","green","yellow","pink/green","","Blue tit","F",1964,1967,"RN00101","RN00071"
"RN00286","green-yellow-pink/green","green","yellow","pink/green","","Great tit","F",2014,2017,"RN00250","RN00090"
"RN00287","pink/green-yellow/black-yellow","pink/green","yellow/black","yellow","","Great tit","M",1964,1967,"RN00016","RN00226"
"RN00288","red-yellow/black-blue","red","yellow/black","blue","","Blue tit","F",1998,2001,"RN00373","RN00397"
"RN00289","orange-yellow-red/white","orange","yellow","red/white","","Blue tit","M",2015,2018,"RN00026","RN00127"
"RN00290","blue-pink/blue-red/white","blue","pink/blue","red/white","","Blue tit","M",2008,2011,"RN00444","RN00006"
"RN00291","white-yellow/black-red","white","yellow/black","red","","Blue tit","M",2020,2023,"RN00305","RN00010"
"RN00292","yellow-red-pink/green","yellow","red","pink/green","","Great tit","M",1987,1990,"RN00119","RN00363"
"RN00293","pink/green-blue-white","pink/green","blue","white","","Great tit","F",1975,1978,"RN00353","RN00051"
"RN00294","red/white-red-white/blue","red/white","red","white/blue","","Great tit","F",1973,1976,"RN00471","RN00269"
"RN00295","green-red-pink/blue","green","red","pink/blue","","Great tit","M",1999,2002,"RN00154","RN00244"
"RN00296","blue-metal-green","blue","metal","green","","Great tit","M",1960,1963,"RN00072","RN00367"
"RN00297","orange-pink/green-blue/white","orange","pink/green","blue/white","","Blue tit","F",2021,2024,"RN00338","RN00319"
"RN00298","red-yellow/black-metal","red","yellow/black","metal","","Blue tit","F",1990,1993,"RN00031","RN00136"
"RN00299","red-white-pink/blue","red","white","pink/blue","","Blue tit","M",2021,2024,"RN00338","RN00319"
"RN00300","blue/white-blue-red/white","blue/white","blue","red/white","","Blue tit","M",1958,1961,"RN00484","RN00314"
"RN00301","green-orange-yellow","green","orange","yellow","","Blue tit","F",1992,1995,"RN00187","RN00264"
"RN00302","red/white-metal-white","red/white","metal","white","","Blue tit","M",1993,1996,"RN00187","RN00280"
"RN00303","green-yellow/black-pink/blue","green","yellow/black","pink/blue","","Blue tit","M",2020,2023,"RN00305","RN00010"
"RN00304","white-metal-pink/green","white","metal","pink/green","","Blue tit","F",1967,1970,"RN00487","RN00443"
"RN00305","red/white-yellow-green","red/white","yellow","green","","Blue tit","M",2017,2020,"RN00103","RN00429"
"RN00306","yellow/black-yellow-pink/blue","yellow/black","yellow","pink/blue","","Blue tit","M",1978,1981,"RN00235","RN00493"
"RN00307","orange-red/white-metal","orange","red/white","metal","","Great tit","M",2024,2027,"RN00183","RN00106"
"RN00308","yellow/black-green-pink/green","yellow/black","green","pink/green","","Blue tit","M",2020,2023,"RN00305","RN00010"
"RN00309","metal-orange-red","metal","orange","red","","Great tit","M",1984,1987,"RN00224","RN00490"
"RN00310","yellow/black-pink/green-red","yellow/black","pink/green","red","","Great tit","F",1966,1969,"RN00258","RN00114"
"RN00311","pink/blue-red-white/blue","pink/blue","red","white/blue","","Great tit","M",1995,1998,"RN00034","RN00234"
"RN00312","pink/green-white/blue-blue","pink/green","white/blue","blue","","Blue tit","F",2013,2016,"RN00229","RN00020"
"RN00313","pink/blue-yellow-white","pink/blue","yellow","white","","Great tit","F",1998,2001,"RN00104","RN00107"
"RN00314","pink/blue-white-metal","pink/blue","white","metal","","Blue tit","F",1956,1959,"RN00484","RN00033"
"RN00315","red/white-yellow/black-white","red/white","yellow/black","white","","Great tit","M",2014,2017,"RN00250","RN00090"
"RN00316","metal-orange-white/blue","metal","orange","white/blue","","Great tit","F",1997,2000,"RN00104","RN00451"
"RN00317","red/white-green-yellow","red/white","green","yellow","","Great tit","M",1995,1998,"RN00034","RN00234"
"RN00318","blue/white-pink/green-blue","blue/white","pink/green","blue","","Blue tit","F",2010,2013,"RN00444","RN00069"
"RN00319","green-pink/green-blue/white","green","pink/green","blue/white","","Blue tit","F",2019,2022,"RN00482","RN00058"
"RN00320","yellow/black-red/white-orange","yellow/black","red/white","orange","","Great tit","M",1981,1984,"RN00027","RN00348"
"RN00321","blue-white-red/white","blue","white","red/white","","Great tit","M",1988,1991,"RN00464","RN00204"
"RN00322","red/white-pink/green-blue/white","red/white","pink/green","blue/white","","Great tit","M",2004,2007,"RN00080","RN00175"
"RN00323","yellow-red-pink/green","yellow","red","pink/green","","Great tit","F",1993,1996,"RN00194","RN00118"
"RN00324","pink/blue-pink/green-white","pink/blue","pink/green","white","","Blue tit","F",1982,1985,"RN00125","RN00188"
"RN00325","blue/white-yellow/black-orange","blue/white","yellow/black","orange","","Great tit","M",2023,2026,"RN00144","RN00180"
"RN00326","pink/green-white-white/blue","pink/green","white","white/blue","","Blue tit","M",2001,2004,"RN00210","RN00024"
"RN00327","red/white-pink/green-pink/blue","red/white","pink/green","pink/blue","","Blue tit","F",1983,1986,"RN00251","RN00182"
"RN00328","metal-green-white/blue","metal","green","white/blue","","Great tit","F",2008,2011,"RN00432","RN00113"
"RN00329","green-white-blue/white","green","white","blue/white","","Great tit","M",1975,1978,"RN00353","RN00051"
"RN00330","green-blue-yellow","green","blue","yellow","","Great tit","M",2023,2026,"RN00144","RN00180"
"RN00331","blue-metal-green","blue","metal","green","","Great tit","F",1966,1969,"RN00258","RN00114"
"RN00332","yellow/black-blue/white-pink/green","yellow/black","blue/white","pink/green","","Great tit","F",1990,1993,"RN00475","RN00219"
"RN00333","blue/white-yellow-yellow/black","blue/white","yellow","yellow/black","","Blue tit","F",2022,2025,"RN00299","RN00319"
"RN00334","pink/green-white-metal","pink/green","white","metal","","Great tit","M",1979,1982,"RN00192","RN00415"
"RN00335","metal-red-red/white","metal","red","red/white","","Blue tit","F",1955,1958,NA,NA
"RN00336","green-red/white-white/blue","green","red/white","white/blue","","Great tit","F",1980,1983,"RN00334","RN00348"
"RN00337","green-white/blue-pink/blue","green","white/blue","pink/blue","","Great tit","M",2006,2009,"RN00080","RN00385"
"RN00338","orange-blue/white-pink/blue","orange","blue/white","pink/blue","","Blue tit","M",2018,2021,"RN00305","RN00376"
"RN00339","blue-orange-green","blue","orange","green","","Blue tit","M",1968,1971,"RN00488","RN00443"
"RN00340","green-yellow/black-white/blue","green","yellow/black","white/blue","","Great tit","M",2002,2005,"RN00272","RN00402"
"RN00341","pink/blue-red/white-white/blue","pink/blue","red/white","white/blue","","Great tit","M",1968,1971,"RN00021","RN00114"
"RN00342","green-blue/white-orange","green","blue/white","orange","","Blue tit","F",2015,2018,"RN00378","RN00081"
"RN00343","orange-pink/green-blue/white","orange","pink/green","blue/white","","Great tit","F",1962,1965,"RN00112","RN00367"
"RN00344","red-pink/green-yellow","red","pink/green","yellow","","Blue tit","M",1972,1975,"RN00201","RN00410"
"RN00345","red-orange-blue/white","red","orange","blue/white","","Great tit","M",1969,1972,"RN00181","RN00083"
"RN00346","green-red/white-yellow/black","green","red/white","yellow/black","","Great tit","M",2009,2012,"RN00032","RN00328"
"RN00347","green-orange-pink/green","green","orange","pink/green","","Blue tit","M",1988,1991,"RN00390","RN00218"
"RN00348","red-white-metal","red","white","metal","","Great tit","F",1979,1982,"RN00192","RN00415"
"RN00349","green-pink/green-red","green","pink/green","red","","Great tit","F",2012,2015,"RN00162","RN00123"
"RN00350","blue-pink/green-red/white","blue","pink/green","red/white","","Blue tit","F",1955,1958,NA,NA
"RN00351","yellow/black-green-white","yellow/black","green","white","","Great tit","M",2008,2011,"RN00432","RN00113"
"RN00352","pink/blue-metal-red/white","pink/blue","metal","red/white","","Blue tit","F",1994,1997,"RN00354","RN00035"
"RN00353","yellow/black-orange-red/white","yellow/black","orange","red/white","","Great tit","M",1972,1975,"RN00082","RN00269"
"RN00354","red/white-orange-pink/blue","red/white","orange","pink/blue","","Blue tit","M",1993,1996,"RN00187","RN00280"
"RN00355","pink/blue-yellow-yellow/black","pink/blue","yellow","yellow/black","","Blue tit","F",1999,2002,"RN00038","RN00438"
"RN00356","red-metal-yellow/black","red","metal","yellow/black","","Blue tit","M",1978,1981,"RN00472","RN00493"
"RN00357","yellow/black-pink/green-yellow","yellow/black","pink/green","yellow","","Great tit","M",1998,2001,"RN00104","RN00107"
"RN00358","orange-red-blue","orange","red","blue","","Blue tit","F",1997,2000,"RN00038","RN00109"
"RN00359","pink/green-white-yellow/black","pink/green","white","yellow/black","","Blue tit","M",2023,2026,"RN00308","RN00333"
"RN00360","orange-blue-pink/green","orange","blue","pink/green","","Blue tit","M",1958,1961,"RN00484","RN00314"
"RN00361","pink/green-yellow-green","pink/green","yellow","green","","Great tit","F",1980,1983,"RN00334","RN00348"
"RN00362","yellow-green-red/white","yellow","green","red/white","","Blue tit","M",2011,2014,"RN00290","RN00020"
"RN00363","blue-red/white-pink/green","blue","red/white","pink/green","","Great tit","F",1984,1987,"RN00224","RN00490"
"RN00364","pink/blue-blue-red","pink/blue","blue","red","","Blue tit","M",1997,2000,"RN00038","RN00109"
"RN00365","orange-white-red/white","orange","white","red/white","","Great tit","M",2010,2013,"RN00153","RN00328"
"RN00366","yellow-orange-green","yellow","orange","green","","Great tit","F",2006,2009,"RN00080","RN00385"
"RN00367","blue-pink/blue-metal","blue","pink/blue","metal","","Great tit","F",1959,1962,"RN00417","RN00199"
"RN00368","red-red/white-yellow","red","red/white","yellow","","Blue tit","M",1955,1958,NA,NA
"RN00369","red-white/blue-pink/green","red","white/blue","pink/green","","Blue tit","F",1972,1975,"RN00408","RN00173"
"RN00370","metal-red-orange","metal","red","orange","","Blue tit","M",1960,1963,"RN00360","RN00077"
"RN00371","blue-yellow/black-orange","blue","yellow/black","orange","","Great tit","F",2018,2021,"RN00076","RN00422"
"RN00372","green-metal-yellow/black","green","metal","yellow/black","","Blue tit","F",2004,2007,"RN00256","RN00240"
"RN00373","blue/white-white-green","blue/white","white","green","","Blue tit","M",1996,1999,"RN00480","RN00035"
"RN00374","white-yellow-orange","white","yellow","orange","","Great tit","M",1987,1990,"RN00119","RN00363"
"RN00375","yellow/black-red-blue","yellow/black","red","blue","","Blue tit","M",1983,1986,"RN00100","RN00324"
"RN00376","orange-green-pink/blue","orange","green","pink/blue","","Blue tit","F",2016,2019,"RN00212","RN00312"
"RN00377","blue/white-blue-pink/green","blue/white","blue","pink/green","","Blue tit","M",1960,1963,"RN00360","RN00077"
"RN00378","blue-red-green","blue","red","green","","Blue tit","M",2013,2016,"RN00229","RN00020"
"RN00379","blue/white-white-green","blue/white","white","green","","Blue tit","F",1975,1978,"RN00215","RN00003"
"RN00380","orange-yellow-red","orange","yellow","red","","Great tit","M",1979,1982,"RN00203","RN00028"
"RN00381","blue-blue/white-metal","blue","blue/white","metal","","Great tit","F",1969,1972,"RN00181","RN00083"
"RN00382","pink/green-orange-white","pink/green","orange","white","","Great tit","M",1976,1979,"RN00143","RN00111"
"RN00383","metal-red-blue","metal","red","blue","","Blue tit","M",1991,1994,"RN00089","RN00238"
"RN00384","orange-pink/green-pink/blue","orange","pink/green","pink/blue","","Great tit","M",2014,2017,"RN00250","RN00090"
"RN00385","yellow-white-blue","yellow","white","blue","","Great tit","F",2004,2007,"RN00080","RN00175"
"RN00386","white-pink/green-blue/white","white","pink/green","blue/white","","Blue tit","F",1962,1965,"RN00377","RN00011"
"RN00387","white-orange-green","white","orange","green","","Blue tit","F",1990,1993,"RN00031","RN00136"
"RN00388","blue/white-pink/blue-yellow/black","blue/white","pink/blue","yellow/black","","Blue tit","F",1995,1998,"RN00302","RN00352"
"RN00389","green-yellow/black-white/blue","green","yellow/black","white/blue","","Great tit","F",2010,2013,"RN00153","RN00328"
"RN00390","metal-red/white-orange","metal","red/white","orange","","Blue tit","M",1985,1988,"RN00015","RN00137"
"RN00391","blue/white-red/white-blue","blue/white","red/white","blue","","Blue tit","F",1964,1967,"RN00101","RN00071"
"RN00392","pink/green-blue-pink/blue","pink/green","blue","pink/blue","","Great tit","M",1987,1990,"RN00119","RN00363"
"RN00393","yellow/black-blue-pink/blue","yellow/black","blue","pink/blue","","Great tit","F",1965,1968,"RN00287","RN00231"
"RN00394","red-white-blue/white","red","white","blue/white","","Great tit","M",2020,2023,"RN00023","RN00242"
"RN00395","orange-white-blue/white","orange","white","blue/white","","Blue tit","M",1962,1965,"RN00450","RN00011"
"RN00396","orange-yellow-green","orange","yellow","green","","Great tit","M",1977,1980,"RN00176","RN00159"
"RN00397","pink/blue-yellow/black-white/blue","pink/blue","yellow/black","white/blue","","Blue tit","F",1996,1999,"RN00480","RN00035"
"RN00398","yellow-red/white-pink/blue","yellow","red/white","pink/blue","","Great tit","M",1983,1986,"RN00239","RN00490"
"RN00399","metal-blue/white-pink/green","metal","blue/white","pink/green","","Great tit","F",2006,2009,"RN00080","RN00385"
"RN00400","red/white-white/blue-metal","red/white","white/blue","metal","","Great tit","M",2005,2008,"RN00223","RN00175"
"RN00401","blue-yellow-red","blue","yellow","red","","Blue tit","M",1958,1961,"RN00484","RN00314"
"RN00402","yellow-green-red/white","yellow","green","red/white","","Great tit","F",1999,2002,"RN00154","RN00244"
"RN00403","yellow/black-yellow-pink/blue","yellow/black","yellow","pink/blue","","Blue tit","F",1969,1972,"RN00095","RN00304"
"RN00404","green-yellow-white/blue","green","yellow","white/blue","","Great tit","M",1989,1992,"RN00134","RN00219"
"RN00405","green-white/blue-metal","green","white/blue","metal","","Great tit","M",2004,2007,"RN00080","RN00175"
"RN00406","pink/blue-white/blue-yellow","pink/blue","white/blue","yellow","","Great tit","M",1986,1989,"RN00155","RN00455"
"RN00407","blue/white-pink/green-pink/blue","blue/white","pink/green","pink/blue","","Great tit","M",2022,2025,"RN00394","RN00500"
"RN00408","pink/green-metal-yellow/black","pink/green","metal","yellow/black","","Blue tit","M",1971,1974,"RN00004","RN00099"
"RN00409","white-yellow-metal","white","yellow","metal","","Great tit","F",2017,2020,"RN00093","RN00191"
"RN00410","red/white-orange-white/blue","red/white","orange","white/blue","","Blue tit","F",1970,1973,"RN00004","RN00099"
"RN00411","white/blue-red/white-yellow","white/blue","red/white","yellow","","Blue tit","M",1985,1988,"RN00015","RN00137"
"RN00412","green-yellow-white/blue","green","yellow","white/blue","","Blue tit","F",2024,2027,"RN00359","RN00333"
"RN00413","yellow/black-blue-red/white","yellow/black","blue","red/white","","Blue tit","F",2023,2026,"RN00308","RN00333"
"RN00414","red/white-yellow-green","red/white","yellow","green","","Blue tit","F",1988,1991,"RN00473","RN00218"
"RN00415","metal-pink/green-white/blue","metal","pink/green","white/blue","","Great tit","F",1976,1979,"RN00329","RN00159"
"RN00416","red/white-white-red","red/white","white","red","","Great tit","M",1965,1968,"RN00287","RN00231"
"RN00417","green-white/blue-pink/blue","green","white/blue","pink/blue","","Great tit","M",1956,1959,NA,NA
"RN00418","blue-red/white-yellow","blue","red/white","yellow","","Great tit","M",1983,1986,"RN00239","RN00490"
"RN00419","pink/green-red-blue","pink/green","red","blue","","Blue tit","F",1957,1960,"RN00453","RN00314"
"RN00420","white-red-blue/white","white","red","blue/white","","Great tit","F",2023,2026,"RN00144","RN00180"
"RN00421","red-pink/blue-red/white","red","pink/blue","red/white","","Great tit","M",1958,1961,"RN00456","RN00025"
"RN00422","blue/white-pink/green-yellow","blue/white","pink/green","yellow","","Great tit","F",2016,2019,"RN00042","RN00467"
"RN00423","yellow-red/white-green","yellow","red/white","green","","Blue tit","M",1973,1976,"RN00408","RN00056"
"RN00424","green-orange-blue/white","green","orange","blue/white","","Great tit","M",2023,2026,"RN00394","RN00057"
"RN00425","yellow-metal-white","yellow","metal","white","","Blue tit","M",1972,1975,"RN00408","RN00173"
"RN00426","blue-white-orange","blue","white","orange","","Great tit","F",1968,1971,"RN00021","RN00114"
"RN00427","white-red-orange","white","red","orange","","Great tit","F",2010,2013,"RN00153","RN00328"
"RN00428","pink/blue-red/white-green","pink/blue","red/white","green","","Blue tit","F",1965,1968,"RN00101","RN00022"
"RN00429","yellow-blue-red/white","yellow","blue","red/white","","Blue tit","F",2015,2018,"RN00378","RN00081"
"RN00430","yellow-blue/white-blue","yellow","blue/white","blue","","Great tit","F",1989,1992,"RN00059","RN00139"
"RN00431","red-red/white-blue/white","red","red/white","blue/white","","Great tit","M",1997,2000,"RN00104","RN00451"
"RN00432","yellow-white/blue-green","yellow","white/blue","green","","Great tit","M",2006,2009,"RN00400","RN00175"
"RN00433","pink/blue-blue-pink/green","pink/blue","blue","pink/green","","Great tit","F",1992,1995,"RN00283","RN00430"
"RN00434","blue/white-orange-white/blue","blue/white","orange","white/blue","","Blue tit","M",2019,2022,"RN00482","RN00058"
"RN00435","white-white/blue-green","white","white/blue","green","","Great tit","F",2024,2027,"RN00183","RN00106"
"RN00436","pink/green-blue/white-red","pink/green","blue/white","red","","Great tit","F",1980,1983,"RN00334","RN00348"
"RN00437","green-metal-yellow/black","green","metal","yellow/black","","Great tit","M",1958,1961,"RN00456","RN00025"
"RN00438","green-blue/white-metal","green","blue/white","metal","","Blue tit","F",1997,2000,"RN00373","RN00352"
"RN00439","metal-pink/blue-yellow","metal","pink/blue","yellow","","Great tit","M",2000,2003,"RN00431","RN00402"
"RN00440","green-red/white-orange","green","red/white","orange","","Blue tit","M",1984,1987,"RN00495","RN00327"
"RN00441","orange-red-yellow/black","orange","red","yellow/black","","Blue tit","F",2024,2027,"RN00359","RN00253"
"RN00442","orange-green-pink/green","orange","green","pink/green","","Blue tit","M",2022,2025,"RN00299","RN00319"
"RN00443","blue-blue/white-yellow/black","blue","blue/white","yellow/black","","Blue tit","F",1966,1969,"RN00274","RN00054"
"RN00444","yellow/black-white/blue-red","yellow/black","white/blue","red","","Blue tit","M",2007,2010,"RN00065","RN00120"
"RN00445","blue-blue/white-white","blue","blue/white","white","","Great tit","F",1983,1986,"RN00239","RN00490"
"RN00446","blue/white-pink/blue-green","blue/white","pink/blue","green","","Blue tit","M",1996,1999,"RN00480","RN00352"
"RN00447","red-white/blue-blue","red","white/blue","blue","","Great tit","F",2006,2009,"RN00400","RN00175"
"RN00448","white/blue-pink/blue-yellow/black","white/blue","pink/blue","yellow/black","","Blue tit","M",1961,1964,"RN00370","RN00483"
"RN00449","red-blue-metal","red","blue","metal","","Great tit","F",1989,1992,"RN00059","RN00139"
"RN00450","yellow-red-green","yellow","red","green","","Blue tit","M",1960,1963,"RN00360","RN00077"
"RN00451","white/blue-yellow/black-blue","white/blue","yellow/black","blue","","Great tit","F",1995,1998,"RN00034","RN00323"
"RN00452","yellow/black-pink/blue-green","yellow/black","pink/blue","green","","Blue tit","M",1985,1988,"RN00375","RN00477"
"RN00453","orange-blue-pink/blue","orange","blue","pink/blue","","Blue tit","M",1956,1959,"RN00484","RN00033"
"RN00454","orange-blue-red","orange","blue","red","","Blue tit","M",1999,2002,"RN00038","RN00438"
"RN00455","red/white-white/blue-orange","red/white","white/blue","orange","","Great tit","F",1984,1987,"RN00499","RN00490"
"RN00456","orange-white/blue-red","orange","white/blue","red","","Great tit","M",1955,1958,NA,NA
"RN00457","yellow/black-metal-yellow","yellow/black","metal","yellow","","Great tit","F",1962,1965,"RN00112","RN00367"
"RN00458","metal-white/blue-orange","metal","white/blue","orange","","Blue tit","M",2016,2019,"RN00212","RN00312"
"RN00459","metal-pink/blue-white","metal","pink/blue","white","","Great tit","F",1997,2000,"RN00104","RN00451"
"RN00460","metal-white/blue-blue","metal","white/blue","blue","","Great tit","F",1999,2002,"RN00154","RN00244"
"RN00461","white/blue-red-orange","white/blue","red","orange","","Great tit","F",1999,2002,"RN00154","RN00244"
"RN00462","orange-white-green","orange","white","green","","Blue tit","M",2019,2022,"RN00482","RN00058"
"RN00463","white/blue-blue-blue/white","white/blue","blue","blue/white","","Great tit","M",1963,1966,"RN00112","RN00168"
"RN00464","yellow-green-metal","yellow","green","metal","","Great tit","M",1985,1988,"RN00309","RN00363"
"RN00465","white-metal-yellow","white","metal","yellow","","Great tit","F",1960,1963,"RN00072","RN00367"
"RN00466","white-blue-red/white","white","blue","red/white","","Great tit","M",2024,2027,"RN00183","RN00106"
"RN00467","yellow/black-blue-orange","yellow/black","blue","orange","","Great tit","F",2013,2016,"RN00162","RN00208"
"RN00468","metal-blue-pink/green","metal","blue","pink/green","","Blue tit","M",1958,1961,"RN00484","RN00314"
"RN00469","red/white-white/blue-orange","red/white","white/blue","orange","","Great tit","M",1965,1968,"RN00287","RN00231"
"RN00470","yellow/black-red/white-pink/blue","yellow/black","red/white","pink/blue","","Blue tit","F",1966,1969,"RN00274","RN00054"
"RN00471","red/white-green-yellow/black","red/white","green","yellow/black","","Great tit","M",1970,1973,"RN00341","RN00426"
"RN00472","blue-green-white/blue","blue","green","white/blue","","Blue tit","M",1975,1978,"RN00215","RN00003"
"RN00473","pink/blue-blue/white-blue","pink/blue","blue/white","blue","","Blue tit","M",1985,1988,"RN00375","RN00477"
"RN00474","yellow/black-yellow-white","yellow/black","yellow","white","","Blue tit","F",1972,1975,"RN00408","RN00173"
"RN00475","orange-blue-pink/blue","orange","blue","pink/blue","","Great tit","M",1988,1991,"RN00464","RN00204"
"RN00476","white/blue-pink/blue-red","white/blue","pink/blue","red","","Great tit","F",1972,1975,"RN00082","RN00269"
"RN00477","blue-pink/blue-yellow/black","blue","pink/blue","yellow/black","","Blue tit","F",1983,1986,"RN00100","RN00324"
"RN00478","pink/blue-yellow/black-orange","pink/blue","yellow/black","orange","","Blue tit","F",1991,1994,"RN00031","RN00263"
"RN00479","white-red/white-yellow/black","white","red/white","yellow/black","","Blue tit","F",2017,2020,"RN00458","RN00158"
"RN00480","green-red/white-orange","green","red/white","orange","","Blue tit","M",1995,1998,"RN00217","RN00301"
"RN00481","pink/green-blue/white-pink/blue","pink/green","blue/white","pink/blue","","Great tit","M",1988,1991,"RN00464","RN00204"
"RN00482","white-pink/green-red/white","white","pink/green","red/white","","Blue tit","M",2017,2020,"RN00458","RN00158"
"RN00483","green-red/white-pink/blue","green","red/white","pink/blue","","Blue tit","F",1958,1961,"RN00138","RN00350"
"RN00484","pink/blue-red-metal","pink/blue","red","metal","","Blue tit","M",1955,1958,NA,NA
"RN00485","pink/blue-blue-metal","pink/blue","blue","metal","","Blue tit","F",1986,1989,"RN00411","RN00137"
"RN00486","pink/blue-white-pink/green","pink/blue","white","pink/green","","Blue tit","F",1966,1969,"RN00211","RN00054"
"RN00487","white/blue-pink/green-yellow/black","white/blue","pink/green","yellow/black","","Blue tit","M",1966,1969,"RN00211","RN00054"
"RN00488","orange-blue-green","orange","blue","green","","Blue tit","M",1965,1968,"RN00101","RN00022"
"RN00489","red-blue-yellow/black","red","blue","yellow/black","","Blue tit","F",1969,1972,"RN00095","RN00304"
"RN00490","pink/green-green-blue","pink/green","green","blue","","Great tit","F",1982,1985,"RN00320","RN00361"
"RN00491","red-white/blue-yellow/black","red","white/blue","yellow/black","","Blue tit","F",2016,2019,"RN00212","RN00342"
"RN00492","pink/green-red/white-white/blue","pink/green","red/white","white/blue","","Blue tit","M",2013,2016,"RN00229","RN00020"
"RN00493","yellow-blue-red","yellow","blue","red","","Blue tit","F",1977,1980,"RN00472","RN00379"
"RN00494","blue-pink/blue-blue/white","blue","pink/blue","blue/white","","Great tit","F",2023,2026,"RN00394","RN00057"
"RN00495","orange-white-green","orange","white","green","","Blue tit","M",1981,1984,"RN00251","RN00271"
"RN00496","white-metal-red","white","metal","red","","Blue tit","F",2009,2012,"RN00171","RN00179"
"RN00497","pink/blue-red/white-orange","pink/blue","red/white","orange","","Great tit","M",1974,1977,"RN00276","RN00262"
"RN00498","blue-yellow/black-blue/white","blue","yellow/black","blue/white","","Great tit","M",1989,1992,"RN00059","RN00139"
"RN00499","white-red/white-white/blue","white","red/white","white/blue","","Great tit","M",1981,1984,"RN00027","RN00348"
"RN00500","blue-blue/white-white/blue","blue","blue/white","white/blue","","Great tit","F",2021,2024,"RN00023","RN00371"
