"RingNumber","Event","Year","NestNo","NestLon","NestLat"
"RN00001","birth",1987,629,5.081035,53.29888
"RN00002","birth",2002,214,5.014016,53.2795
"RN00003","birth",1999,801,5.051219,53.30147
"RN00004","birth",1964,566,5.0793,53.30346
"RN00005","birth",1996,708,5.0723,53.29922
"RN00006","birth",1978,526,5.0848,53.30111
"RN00007","birth",1972,239,5.008594,53.27933
"RN00008",NA,NA,NA,NA,NA
"RN00009","birth",1963,422,5.073732,53.30146
"RN00010","birth",2007,102,4.995656,53.27459
"RN00011","birth",1965,411,5.0834,53.29919
"RN00012","birth",1962,5882,5.059498,53.30075
"RN00013","birth",1959,610,5.055,53.29407
"RN00014","birth",1983,1035,5.059241,53.29306
"RN00015","birth",2004,566,5.0793,53.30346
"RN00016","birth",2024,1027,5.046038,53.29759
"RN00017","birth",1980,409,5.0819,53.29836
"RN00018","birth",1965,102,4.995656,53.27459
"RN00019","birth",1960,663,5.0533,53.29186
"RN00020","birth",2010,487,5.0768,53.30019
"RN00021","birth",1981,517,5.0638,53.30348
"RN00022","birth",2022,118,4.995247,53.27466
"RN00023","birth",1982,590,5.070869,53.30404
"RN00024","birth",2021,214,5.014016,53.2795
"RN00025","birth",1994,461,5.047033,53.29498
"RN00026","birth",1960,651,5.0609,53.30053
"RN00027","birth",1990,212,5.012386,53.27927
"RN00028","birth",2009,35,4.987165,53.27298
"RN00029","birth",2002,26,4.972168,53.2698
"RN00030","birth",1964,522,5.0771,53.304
"RN00031","birth",1979,406,5.0812,53.29766
"RN00032","birth",1992,229,5.00771,53.2791
"RN00033","birth",1979,662,5.055482,53.29258
"RN00034","birth",1958,593,5.084452,53.29963
"RN00035","birth",2006,108,4.999194,53.27405
"RN00036",NA,NA,NA,NA,NA
"RN00037","birth",1978,699,5.046331,53.29174
"RN00038","birth",1993,302,5.028111,53.28317
"RN00039","birth",2001,425,5.0724,53.30382
"RN00040","birth",2014,422,5.073732,53.30146
"RN00041","birth",2017,305,5.023843,53.2855
"RN00042","birth",1991,409,5.0819,53.29836
"RN00043","birth",2000,667,5.052337,53.2954
"RN00044","birth",2008,10,4.986089,53.27172
"RN00045",NA,NA,NA,NA,NA
"RN00046","birth",1970,670,5.05599,53.29957
"RN00047","birth",1973,233,5.007313,53.2798
"RN00048","birth",1985,618,5.07708,53.30105
"RN00049","birth",1991,460,5.045543,53.29745
"RN00050","birth",2002,648,5.0699,53.29971
"RN00051","birth",2014,239,5.008594,53.27933
"RN00052","birth",2016,404,5.0801,53.298
"RN00053","birth",1963,219,5.014819,53.28075
"RN00054","birth",1965,657,5.053034,53.29455
"RN00055","birth",1997,230,5.010022,53.27882
"RN00056","birth",1984,663,5.0533,53.29186
"RN00057","birth",2015,214,5.014016,53.2795
"RN00058","birth",2009,630,5.0837,53.29877
"RN00059","birth",2015,669,5.053388,53.29725
"RN00060","birth",1988,417,5.076542,53.30062
"RN00061","birth",2011,420,5.0787,53.30307
"RN00062","birth",1992,454,5.048339,53.29643
"RN00063","birth",2017,334,5.02943,53.2854
"RN00064","birth",2000,109,4.994683,53.27403
"RN00065","birth",2024,211,5.011264,53.27929
"RN00066","birth",1972,25,4.9715,53.26992
"RN00067","birth",1956,601,5.0763,53.3044
"RN00068","birth",1975,309,5.028115,53.28185
"RN00069","birth",2011,411,5.0834,53.29919
"RN00070","birth",2013,572,5.0789,53.30224
"RN00071","birth",1991,482,5.060695,53.30138
"RN00072","birth",2009,585,5.048099,53.29648
"RN00073","birth",1960,1020,5.07095,53.3035
"RN00074","birth",1994,301,5.029538,53.28306
"RN00075","birth",1960,404,5.0801,53.298
"RN00076","birth",1982,1030,5.0757,53.30472
"RN00077","birth",1986,679,5.0615,53.30026
"RN00078","birth",2003,773,5.0578,53.30148
"RN00079",NA,NA,NA,NA,NA
"RN00080","birth",2023,513,5.049671,53.30089
"RN00081","birth",2001,1013,5.068421,53.30359
"RN00082","birth",1974,462,5.0461,53.2904
"RN00083","birth",1956,556,5.0792,53.3001
"RN00084","birth",2016,114,4.997665,53.2755
"RN00085","birth",2017,217,5.016006,53.28009
"RN00086","birth",2016,1016,5.0689,53.30109
"RN00087","birth",1964,224,5.007747,53.27992
"RN00088","birth",2013,4,4.975604,53.26959
"RN00089","birth",2003,673,5.046466,53.29954
"RN00090",NA,NA,NA,NA,NA
"RN00091","birth",2015,321,5.028995,53.28528
"RN00092","birth",1992,329,5.026332,53.28063
"RN00093","birth",1990,220,5.015193,53.27994
"RN00094","birth",1977,601,5.0763,53.3044
"RN00095","birth",1988,13,4.983303,53.27139
"RN00096","birth",1958,523,5.0792,53.30367
"RN00097","birth",2008,1039,5.0607,53.30278
"RN00098","birth",1983,124,4.997713,53.2741
"RN00099","birth",2012,321,5.028995,53.28528
"RN00100","birth",2010,670,5.05599,53.29957
"RN00001","nest",1988,633,5.0813,53.3011
"RN00001","nest",1989,214,5.014016,53.2795
"RN00001","nest",1990,214,5.014016,53.2795
"RN00001","nest",1991,110,4.996771,53.27469
"RN00002","nest",2003,636,5.0784,53.30257
"RN00002","nest",2004,25,4.9715,53.26992
"RN00002","nest",2005,510,5.047463,53.29634
"RN00002","nest",2006,886,5.056753,53.29535
"RN00002","nest",2006,664,5.0487,53.29024
"RN00003","nest",2000,226,5.008192,53.28061
"RN00003","nest",2001,205,5.009853,53.27798
"RN00003","nest",2002,662,5.055482,53.29258
"RN00003","nest",2003,637,5.079233,53.3028
"RN00003","nest",2003,222,5.012417,53.28061
"RN00004","nest",1965,443,5.060432,53.30051
"RN00004","nest",1966,232,5.008865,53.2773
"RN00004","nest",1966,429,5.0647,53.3031
"RN00004","nest",1967,457,5.046745,53.29718
"RN00004","nest",1967,335,5.029387,53.28538
"RN00004","nest",1968,1021,5.073548,53.30317
"RN00005","nest",1997,670,5.05599,53.29957
"RN00005","nest",1997,504,5.0825,53.30167
"RN00005","nest",1998,637,5.079233,53.3028
"RN00005","nest",1999,846,5.054953,53.30176
"RN00005","nest",1999,1013,5.068421,53.30359
"RN00005","nest",2000,871,5.0846,53.29787
"RN00006","nest",1979,29,4.972777,53.269
"RN00006","nest",1980,7,4.977695,53.2703
"RN00006","nest",1981,30,4.973614,53.27004
"RN00006","nest",1982,770,5.0781,53.29695
"RN00007","nest",1973,445,5.0597,53.30153
"RN00007","nest",1974,1025,5.047545,53.29882
"RN00007","nest",1974,630,5.0837,53.29877
"RN00007","nest",1975,614,5.0786,53.29721
"RN00007","nest",1976,308,5.02731,53.2854
"RN00007","nest",1976,28,4.97497,53.2725
"RN00008","nest",2004,454,5.048339,53.29643
"RN00008","nest",2005,103,4.996236,53.27443
"RN00008","nest",2006,29,4.972777,53.269
"RN00008","nest",2006,212,5.012386,53.27927
"RN00009","nest",1964,103,4.996236,53.27443
"RN00009","nest",1965,206,5.009673,53.27695
"RN00009","nest",1966,102,4.995656,53.27459
"RN00009","nest",1967,645,5.069651,53.30283
"RN00010","nest",2008,590,5.070869,53.30404
"RN00010","nest",2009,15,4.980035,53.27188
"RN00010","nest",2009,634,5.0785,53.29942
"RN00010","nest",2010,1009,5.0647,53.30265
"RN00010","nest",2011,1019,5.0705,53.303
"RN00010","nest",2011,800,5.064915,53.29724
"RN00011","nest",1966,572,5.0789,53.30224
"RN00011","nest",1967,417,5.076542,53.30062
"RN00011","nest",1968,457,5.046745,53.29718
"RN00011","nest",1968,302,5.028111,53.28317
"RN00011","nest",1969,846,5.054953,53.30176
"RN00011","nest",1969,849,5.0591,53.29888
"RN00012","nest",1963,333,5.027993,53.28662
"RN00012","nest",1964,507,5.0473,53.29094
"RN00012","nest",1965,846,5.054953,53.30176
"RN00012","nest",1965,330,5.031643,53.28124
"RN00012","nest",1966,679,5.0615,53.30026
"RN00013","nest",1960,334,5.02943,53.2854
"RN00013","nest",1961,50,4.974303,53.27066
"RN00013","nest",1961,525,5.081517,53.30219
"RN00013","nest",1962,102,4.995656,53.27459
"RN00013","nest",1963,691,5.082373,53.30225
"RN00014","nest",1984,871,5.0846,53.29787
"RN00014","nest",1985,3,4.974831,53.26948
"RN00014","nest",1985,35,4.987165,53.27298
"RN00014","nest",1986,453,5.049744,53.29689
"RN00014","nest",1987,773,5.0578,53.30148
"RN00015","nest",2005,1039,5.0607,53.30278
"RN00015","nest",2006,43,4.974444,53.27235
"RN00015","nest",2007,515,5.0596,53.30186
"RN00015","nest",2008,443,5.060432,53.30051
"RN00016","nest",2025,1014,5.068344,53.30338
"RN00016","nest",2025,444,5.056133,53.30078
"RN00017","nest",1981,45,4.980888,53.27078
"RN00017","nest",1982,50,4.974303,53.27066
"RN00017","nest",1983,12,4.983718,53.27222
"RN00017","nest",1984,462,5.0461,53.2904
"RN00018","nest",1966,460,5.045543,53.29745
"RN00018","nest",1966,43,4.974444,53.27235
"RN00018","nest",1967,229,5.00771,53.2791
"RN00018","nest",1967,1015,5.068179,53.30205
"RN00018","nest",1968,836,5.0486,53.30091
"RN00018","nest",1968,419,5.0788,53.30203
"RN00018","nest",1969,435,5.066848,53.29974
"RN00018","nest",1969,226,5.008192,53.28061
"RN00019","nest",1961,796,5.054818,53.29007
"RN00019","nest",1961,111,4.998843,53.27479
"RN00019","nest",1962,301,5.029538,53.28306
"RN00019","nest",1963,708,5.0723,53.29922
"RN00019","nest",1963,665,5.0523,53.29269
"RN00019","nest",1964,120,4.997232,53.27509
"RN00019","nest",1964,631,5.0842,53.29811
"RN00020","nest",2011,237,5.012253,53.27795
"RN00020","nest",2011,507,5.0473,53.29094
"RN00020","nest",2012,801,5.051219,53.30147
"RN00020","nest",2012,456,5.04627,53.29576
"RN00020","nest",2013,509,5.046622,53.29453
"RN00020","nest",2013,212,5.012386,53.27927
"RN00020","nest",2014,568,5.0801,53.30287
"RN00021","nest",1982,302,5.028111,53.28317
"RN00021","nest",1983,549,5.06632,53.30075
"RN00021","nest",1983,56,4.979887,53.27128
"RN00021","nest",1984,471,5.058957,53.30053
"RN00021","nest",1985,32,4.977837,53.26978
"RN00021","nest",1985,699,5.046331,53.29174
"RN00022","nest",2023,303,5.025169,53.28401
"RN00022","nest",2024,452,5.051362,53.29734
"RN00022","nest",2025,445,5.0597,53.30153
"RN00023","nest",1983,427,5.067788,53.30452
"RN00023","nest",1984,520,5.074242,53.30421
"RN00023","nest",1985,413,5.0802,53.30162
"RN00023","nest",1986,753,5.049276,53.30138
"RN00023","nest",1986,1008,5.0648,53.30209
"RN00024","nest",2022,492,5.0775,53.29959
"RN00024","nest",2023,422,5.073732,53.30146
"RN00024","nest",2024,411,5.0834,53.29919
"RN00024","nest",2025,642,5.070963,53.30453
"RN00025","nest",1995,708,5.0723,53.29922
"RN00025","nest",1996,1026,5.045772,53.2981
"RN00025","nest",1996,461,5.047033,53.29498
"RN00025","nest",1997,522,5.0771,53.304
"RN00025","nest",1998,11,4.986064,53.27247
"RN00026","nest",1961,454,5.048339,53.29643
"RN00026","nest",1962,770,5.0781,53.29695
"RN00026","nest",1963,523,5.0792,53.30367
"RN00026","nest",1964,49,4.974012,53.27197
"RN00026","nest",1964,31,4.974064,53.27081
"RN00027","nest",1991,708,5.0723,53.29922
"RN00027","nest",1992,614,5.0786,53.29721
"RN00027","nest",1992,1013,5.068421,53.30359
"RN00027","nest",1993,239,5.008594,53.27933
"RN00027","nest",1993,667,5.052337,53.2954
"RN00027","nest",1994,635,5.0779,53.30208
"RN00028","nest",2010,223,5.009343,53.27973
"RN00028","nest",2011,485,5.0776,53.30302
"RN00028","nest",2012,215,5.015096,53.27897
"RN00028","nest",2013,427,5.067788,53.30452
"RN00028","nest",2013,26,4.972168,53.2698
"RN00029","nest",2003,586,5.049082,53.29679
"RN00029","nest",2004,609,5.0766,53.29733
"RN00029","nest",2005,621,5.083878,53.30117
"RN00029","nest",2005,566,5.0793,53.30346
"RN00029","nest",2006,428,5.068413,53.30249
"RN00030","nest",1965,455,5.046452,53.29626
"RN00030","nest",1966,22,4.974322,53.2716
"RN00030","nest",1967,515,5.0596,53.30186
"RN00030","nest",1967,519,5.0732,53.30454
"RN00030","nest",1968,450,5.061,53.30116
"RN00031","nest",1980,214,5.014016,53.2795
"RN00031","nest",1981,303,5.025169,53.28401
"RN00031","nest",1982,651,5.0609,53.30053
"RN00031","nest",1982,637,5.079233,53.3028
"RN00031","nest",1983,201,5.007384,53.28021
"RN00032","nest",1993,304,5.024626,53.2849
"RN00032","nest",1994,420,5.0787,53.30307
"RN00032","nest",1995,572,5.0789,53.30224
"RN00032","nest",1996,666,5.051056,53.29465
"RN00032","nest",1996,801,5.051219,53.30147
"RN00033","nest",1980,1027,5.046038,53.29759
"RN00033","nest",1981,1026,5.045772,53.2981
"RN00033","nest",1982,111,4.998843,53.27479
"RN00033","nest",1983,12,4.983718,53.27222
"RN00034","nest",1959,488,5.0781,53.30075
"RN00034","nest",1960,658,5.051631,53.29537
"RN00034","nest",1961,472,5.0736,53.3022
"RN00034","nest",1962,601,5.0763,53.3044
"RN00035","nest",2007,34,4.984582,53.27206
"RN00035","nest",2008,638,5.081,53.30304
"RN00035","nest",2009,426,5.068549,53.30392
"RN00035","nest",2009,1039,5.0607,53.30278
"RN00035","nest",2010,221,5.011863,53.28043
"RN00036","nest",1997,212,5.012386,53.27927
"RN00036","nest",1998,517,5.0638,53.30348
"RN00036","nest",1999,679,5.0615,53.30026
"RN00037","nest",1979,518,5.071104,53.30264
"RN00037","nest",1979,29,4.972777,53.269
"RN00037","nest",1980,1009,5.0647,53.30265
"RN00037","nest",1981,32,4.977837,53.26978
"RN00037","nest",1982,641,5.072156,53.30446
"RN00038","nest",1994,30,4.973614,53.27004
"RN00038","nest",1995,667,5.052337,53.2954
"RN00038","nest",1995,23,4.972799,53.27105
"RN00038","nest",1996,302,5.028111,53.28317
"RN00038","nest",1997,457,5.046745,53.29718
"RN00038","nest",1997,212,5.012386,53.27927
"RN00039","nest",2002,478,5.0621,53.29936
"RN00039","nest",2002,686,5.0633,53.29826
"RN00039","nest",2003,425,5.0724,53.30382
"RN00039","nest",2004,607,5.077774,53.29723
"RN00039","nest",2005,1031,5.06338,53.30057
"RN00040","nest",2015,457,5.046745,53.29718
"RN00040","nest",2016,633,5.0813,53.3011
"RN00040","nest",2016,437,5.0633,53.30007
"RN00040","nest",2017,450,5.061,53.30116
"RN00040","nest",2018,206,5.009673,53.27695
"RN00041","nest",2018,429,5.0647,53.3031
"RN00041","nest",2019,661,5.056512,53.29445
"RN00041","nest",2020,31,4.974064,53.27081
"RN00041","nest",2020,1031,5.06338,53.30057
"RN00041","nest",2021,460,5.045543,53.29745
"RN00042","nest",1992,442,5.056437,53.30051
"RN00042","nest",1993,1013,5.068421,53.30359
"RN00042","nest",1994,801,5.051219,53.30147
"RN00042","nest",1994,643,5.0669,53.30313
"RN00042","nest",1995,444,5.056133,53.30078
"RN00043","nest",2001,331,5.034727,53.28206
"RN00043","nest",2002,334,5.02943,53.2854
"RN00043","nest",2003,30,4.973614,53.27004
"RN00043","nest",2003,482,5.060695,53.30138
"RN00043","nest",2004,328,5.030332,53.28181
"RN00044","nest",2009,445,5.0597,53.30153
"RN00044","nest",2009,19,4.977977,53.27161
"RN00044","nest",2010,319,5.02581,53.2863
"RN00044","nest",2010,327,5.026083,53.28522
"RN00044","nest",2011,410,5.0811,53.29821
"RN00044","nest",2011,479,5.0598,53.30018
"RN00044","nest",2012,568,5.0801,53.30287
"RN00044","nest",2012,850,5.059971,53.29859
"RN00045","nest",1990,203,5.008086,53.27866
"RN00045","nest",1990,452,5.051362,53.29734
"RN00045","nest",1991,31,4.974064,53.27081
"RN00045","nest",1991,23,4.972799,53.27105
"RN00045","nest",1992,451,5.0621,53.30191
"RN00045","nest",1992,403,5.079,53.29788
"RN00046","nest",1971,15,4.980035,53.27188
"RN00046","nest",1972,664,5.0487,53.29024
"RN00046","nest",1972,535,5.0588,53.29813
"RN00046","nest",1973,849,5.0591,53.29888
"RN00046","nest",1973,800,5.064915,53.29724
"RN00046","nest",1974,420,5.0787,53.30307
"RN00047","nest",1974,487,5.0768,53.30019
"RN00047","nest",1975,15,4.980035,53.27188
"RN00047","nest",1976,645,5.069651,53.30283
"RN00047","nest",1977,6,4.976952,53.27027
"RN00047","nest",1977,1032,5.0623,53.30101
"RN00048","nest",1986,239,5.008594,53.27933
"RN00048","nest",1987,305,5.023843,53.2855
"RN00048","nest",1988,1005,5.083,53.29855
"RN00048","nest",1989,801,5.051219,53.30147
"RN00049","nest",1992,23,4.972799,53.27105
"RN00049","nest",1993,205,5.009853,53.27798
"RN00049","nest",1993,403,5.079,53.29788
"RN00049","nest",1994,404,5.0801,53.298
"RN00049","nest",1995,424,5.06946,53.30065
"RN00050","nest",2003,643,5.0669,53.30313
"RN00050","nest",2004,328,5.030332,53.28181
"RN00050","nest",2005,642,5.070963,53.30453
"RN00050","nest",2006,39,4.973725,53.27001
"RN00051","nest",2015,1010,5.066887,53.30241
"RN00051","nest",2015,6,4.976952,53.27027
"RN00051","nest",2016,673,5.046466,53.29954
"RN00051","nest",2017,1025,5.047545,53.29882
"RN00051","nest",2018,549,5.06632,53.30075
"RN00052","nest",2017,772,5.045024,53.29959
"RN00052","nest",2017,440,5.0598,53.29937
"RN00052","nest",2018,1027,5.046038,53.29759
"RN00052","nest",2018,410,5.0811,53.29821
"RN00052","nest",2019,211,5.011264,53.27929
"RN00052","nest",2019,689,5.061227,53.29894
"RN00052","nest",2020,510,5.047463,53.29634
"RN00053","nest",1964,719,5.051454,53.30085
"RN00053","nest",1965,764,5.049548,53.30147
"RN00053","nest",1966,26,4.972168,53.2698
"RN00053","nest",1967,39,4.973725,53.27001
"RN00054","nest",1966,635,5.0779,53.30208
"RN00054","nest",1967,301,5.029538,53.28306
"RN00054","nest",1968,110,4.996771,53.27469
"RN00054","nest",1968,55,4.977652,53.27263
"RN00054","nest",1969,590,5.070869,53.30404
"RN00055","nest",1998,886,5.056753,53.29535
"RN00055","nest",1999,457,5.046745,53.29718
"RN00055","nest",2000,411,5.0834,53.29919
"RN00055","nest",2001,436,5.064523,53.29986
"RN00055","nest",2001,691,5.082373,53.30225
"RN00056","nest",1985,513,5.049671,53.30089
"RN00056","nest",1986,405,5.078933,53.29746
"RN00056","nest",1987,108,4.999194,53.27405
"RN00056","nest",1987,115,4.995983,53.27441
"RN00056","nest",1988,436,5.064523,53.29986
"RN00056","nest",1988,526,5.0848,53.30111
"RN00057","nest",2016,656,5.052123,53.29898
"RN00057","nest",2017,43,4.974444,53.27235
"RN00057","nest",2018,672,5.049821,53.29875
"RN00057","nest",2019,408,5.083107,53.29803
"RN00057","nest",2019,773,5.0578,53.30148
"RN00058","nest",2010,592,5.084105,53.30129
"RN00058","nest",2010,646,5.072506,53.30327
"RN00058","nest",2011,35,4.987165,53.27298
"RN00058","nest",2012,523,5.0792,53.30367
"RN00058","nest",2013,401,5.0772,53.29728
"RN00059","nest",2016,666,5.051056,53.29465
"RN00059","nest",2017,719,5.051454,53.30085
"RN00059","nest",2018,516,5.0631,53.30295
"RN00059","nest",2019,45,4.980888,53.27078
"RN00059","nest",2019,222,5.012417,53.28061
"RN00060","nest",1989,13,4.983303,53.27139
"RN00060","nest",1990,649,5.0639,53.29893
"RN00060","nest",1991,239,5.008594,53.27933
"RN00060","nest",1991,115,4.995983,53.27441
"RN00060","nest",1992,773,5.0578,53.30148
"RN00061","nest",2012,30,4.973614,53.27004
"RN00061","nest",2012,226,5.008192,53.28061
"RN00061","nest",2013,522,5.0771,53.304
"RN00061","nest",2014,330,5.031643,53.28124
"RN00061","nest",2015,586,5.049082,53.29679
"RN00062","nest",1993,30,4.973614,53.27004
"RN00062","nest",1994,123,5.002703,53.27549
"RN00062","nest",1995,477,5.0591,53.30092
"RN00062","nest",1995,315,5.023734,53.28433
"RN00062","nest",1996,108,4.999194,53.27405
"RN00063","nest",2018,471,5.058957,53.30053
"RN00063","nest",2019,838,5.045588,53.29577
"RN00063","nest",2019,219,5.014819,53.28075
"RN00063","nest",2020,410,5.0811,53.29821
"RN00063","nest",2020,442,5.056437,53.30051
"RN00063","nest",2021,656,5.052123,53.29898
"RN00064","nest",2001,1019,5.0705,53.303
"RN00064","nest",2002,419,5.0788,53.30203
"RN00064","nest",2003,302,5.028111,53.28317
"RN00064","nest",2003,543,5.060413,53.30134
"RN00064","nest",2004,461,5.047033,53.29498
"RN00065","nest",2025,487,5.0768,53.30019
"RN00065","nest",2025,568,5.0801,53.30287
"RN00066","nest",1973,651,5.0609,53.30053
"RN00066","nest",1974,31,4.974064,53.27081
"RN00066","nest",1975,1010,5.066887,53.30241
"RN00066","nest",1975,403,5.079,53.29788
"RN00066","nest",1976,1009,5.0647,53.30265
"RN00066","nest",1976,233,5.007313,53.2798
"RN00067","nest",1957,233,5.007313,53.2798
"RN00067","nest",1958,310,5.024732,53.28417
"RN00067","nest",1959,110,4.996771,53.27469
"RN00067","nest",1960,568,5.0801,53.30287
"RN00068","nest",1976,646,5.072506,53.30327
"RN00068","nest",1977,572,5.0789,53.30224
"RN00068","nest",1977,510,5.047463,53.29634
"RN00068","nest",1978,690,5.063,53.29875
"RN00068","nest",1979,1025,5.047545,53.29882
"RN00069","nest",2012,621,5.083878,53.30117
"RN00069","nest",2013,1028,5.048296,53.29669
"RN00069","nest",2013,50,4.974303,53.27066
"RN00069","nest",2014,1031,5.06338,53.30057
"RN00069","nest",2014,102,4.995656,53.27459
"RN00069","nest",2015,418,5.075322,53.30071
"RN00070","nest",2014,409,5.0819,53.29836
"RN00070","nest",2014,123,5.002703,53.27549
"RN00070","nest",2015,442,5.056437,53.30051
"RN00070","nest",2015,31,4.974064,53.27081
"RN00070","nest",2016,1026,5.045772,53.2981
"RN00070","nest",2017,217,5.016006,53.28009
"RN00071","nest",1992,32,4.977837,53.26978
"RN00071","nest",1992,1011,5.065953,53.30346
"RN00071","nest",1993,56,4.979887,53.27128
"RN00071","nest",1994,705,5.068,53.29915
"RN00071","nest",1994,630,5.0837,53.29877
"RN00071","nest",1995,618,5.07708,53.30105
"RN00072","nest",2010,704,5.0609,53.30227
"RN00072","nest",2010,55,4.977652,53.27263
"RN00072","nest",2011,302,5.028111,53.28317
"RN00072","nest",2011,471,5.058957,53.30053
"RN00072","nest",2012,304,5.024626,53.2849
"RN00072","nest",2013,4,4.975604,53.26959
"RN00073","nest",1961,306,5.023104,53.28443
"RN00073","nest",1962,858,5.058731,53.29604
"RN00073","nest",1963,123,5.002703,53.27549
"RN00073","nest",1964,511,5.047932,53.29751
"RN00074","nest",1995,484,5.066028,53.30406
"RN00074","nest",1995,671,5.0519,53.29961
"RN00074","nest",1996,618,5.07708,53.30105
"RN00074","nest",1997,330,5.031643,53.28124
"RN00074","nest",1998,704,5.0609,53.30227
"RN00074","nest",1998,475,5.086052,53.29921
"RN00075","nest",1961,796,5.054818,53.29007
"RN00075","nest",1962,1017,5.069804,53.30111
"RN00075","nest",1963,111,4.998843,53.27479
"RN00075","nest",1963,772,5.045024,53.29959
"RN00075","nest",1964,454,5.048339,53.29643
"RN00076","nest",1983,635,5.0779,53.30208
"RN00076","nest",1984,518,5.071104,53.30264
"RN00076","nest",1985,450,5.061,53.30116
"RN00076","nest",1986,203,5.008086,53.27866
"RN00077","nest",1987,212,5.012386,53.27927
"RN00077","nest",1988,800,5.064915,53.29724
"RN00077","nest",1989,1029,5.050081,53.29718
"RN00077","nest",1989,590,5.070869,53.30404
"RN00077","nest",1990,1010,5.066887,53.30241
"RN00078","nest",2004,21,4.975812,53.27202
"RN00078","nest",2005,232,5.008865,53.2773
"RN00078","nest",2006,668,5.054279,53.29682
"RN00078","nest",2007,779,5.0633,53.29846
"RN00078","nest",2007,1005,5.083,53.29855
"RN00079","nest",2013,753,5.049276,53.30138
"RN00079","nest",2014,504,5.0825,53.30167
"RN00079","nest",2014,5,4.975518,53.27022
"RN00079","nest",2015,13,4.983303,53.27139
"RN00080","nest",2024,6,4.976952,53.27027
"RN00080","nest",2025,535,5.0588,53.29813
"RN00081","nest",2002,566,5.0793,53.30346
"RN00081","nest",2003,615,5.0808,53.30266
"RN00081","nest",2003,481,5.0601,53.30109
"RN00081","nest",2004,591,5.073971,53.30443
"RN00081","nest",2005,456,5.04627,53.29576
"RN00081","nest",2005,646,5.072506,53.30327
"RN00082","nest",1975,640,5.0784,53.30412
"RN00082","nest",1976,223,5.009343,53.27973
"RN00082","nest",1977,304,5.024626,53.2849
"RN00082","nest",1977,1029,5.050081,53.29718
"RN00082","nest",1978,410,5.0811,53.29821
"RN00082","nest",1978,1004,5.0825,53.29902
"RN00083","nest",1957,108,4.999194,53.27405
"RN00083","nest",1957,708,5.0723,53.29922
"RN00083","nest",1958,221,5.011863,53.28043
"RN00083","nest",1958,1018,5.069736,53.30153
"RN00083","nest",1959,641,5.072156,53.30446
"RN00083","nest",1960,223,5.009343,53.27973
"RN00084","nest",2017,321,5.028995,53.28528
"RN00084","nest",2018,1016,5.0689,53.30109
"RN00084","nest",2019,120,4.997232,53.27509
"RN00084","nest",2020,641,5.072156,53.30446
"RN00085","nest",2018,462,5.0461,53.2904
"RN00085","nest",2018,648,5.0699,53.29971
"RN00085","nest",2019,670,5.05599,53.29957
"RN00085","nest",2019,455,5.046452,53.29626
"RN00085","nest",2020,221,5.011863,53.28043
"RN00085","nest",2021,21,4.975812,53.27202
"RN00085","nest",2021,484,5.066028,53.30406
"RN00086","nest",2017,238,5.008755,53.27981
"RN00086","nest",2017,442,5.056437,53.30051
"RN00086","nest",2018,1030,5.0757,53.30472
"RN00086","nest",2019,593,5.084452,53.29963
"RN00086","nest",2020,318,5.022911,53.28455
"RN00087","nest",1965,212,5.012386,53.27927
"RN00087","nest",1966,317,5.023546,53.28515
"RN00087","nest",1967,329,5.026332,53.28063
"RN00087","nest",1968,450,5.061,53.30116
"RN00088","nest",2014,453,5.049744,53.29689
"RN00088","nest",2015,239,5.008594,53.27933
"RN00088","nest",2015,420,5.0787,53.30307
"RN00088","nest",2016,672,5.049821,53.29875
"RN00088","nest",2017,204,5.008957,53.2783
"RN00088","nest",2017,318,5.022911,53.28455
"RN00089","nest",2004,241,5.016071,53.27917
"RN00089","nest",2005,124,4.997713,53.2741
"RN00089","nest",2005,632,5.083297,53.30006
"RN00089","nest",2006,6,4.976952,53.27027
"RN00089","nest",2007,26,4.972168,53.2698
"RN00089","nest",2007,230,5.010022,53.27882
"RN00090","nest",1964,484,5.066028,53.30406
"RN00090","nest",1965,435,5.066848,53.29974
"RN00090","nest",1966,631,5.0842,53.29811
"RN00091","nest",2016,5,4.975518,53.27022
"RN00091","nest",2017,233,5.007313,53.2798
"RN00091","nest",2017,303,5.025169,53.28401
"RN00091","nest",2018,1010,5.066887,53.30241
"RN00091","nest",2019,119,4.996602,53.27549
"RN00092","nest",1993,773,5.0578,53.30148
"RN00092","nest",1994,1019,5.0705,53.303
"RN00092","nest",1995,218,5.015962,53.28083
"RN00092","nest",1995,495,5.069651,53.30442
"RN00092","nest",1996,540,5.046433,53.29785
"RN00093","nest",1991,226,5.008192,53.28061
"RN00093","nest",1992,587,5.056053,53.30052
"RN00093","nest",1993,1013,5.068421,53.30359
"RN00093","nest",1994,452,5.051362,53.29734
"RN00094","nest",1978,458,5.047727,53.29808
"RN00094","nest",1978,411,5.0834,53.29919
"RN00094","nest",1979,549,5.06632,53.30075
"RN00094","nest",1980,488,5.0781,53.30075
"RN00094","nest",1981,535,5.0588,53.29813
"RN00094","nest",1981,402,5.078,53.29759
"RN00095","nest",1989,601,5.0763,53.3044
"RN00095","nest",1990,480,5.057952,53.30116
"RN00095","nest",1991,637,5.079233,53.3028
"RN00095","nest",1992,410,5.0811,53.29821
"RN00096","nest",1959,477,5.0591,53.30092
"RN00096","nest",1960,50,4.974303,53.27066
"RN00096","nest",1960,21,4.975812,53.27202
"RN00096","nest",1961,318,5.022911,53.28455
"RN00096","nest",1962,1016,5.0689,53.30109
"RN00097","nest",2009,699,5.046331,53.29174
"RN00097","nest",2010,472,5.0736,53.3022
"RN00097","nest",2011,103,4.996236,53.27443
"RN00097","nest",2012,1014,5.068344,53.30338
"RN00098","nest",1984,308,5.02731,53.2854
"RN00098","nest",1984,43,4.974444,53.27235
"RN00098","nest",1985,458,5.047727,53.29808
"RN00098","nest",1986,658,5.051631,53.29537
"RN00098","nest",1987,1019,5.0705,53.303
"RN00099","nest",2013,634,5.0785,53.29942
"RN00099","nest",2013,108,4.999194,53.27405
"RN00099","nest",2014,304,5.024626,53.2849
"RN00099","nest",2015,666,5.051056,53.29465
"RN00099","nest",2015,538,5.046572,53.29709
"RN00099","nest",2016,704,5.0609,53.30227
"RN00099","nest",2016,430,5.065266,53.30192
"RN00100","nest",2011,577,5.0824,53.29783
"RN00100","nest",2012,504,5.0825,53.30167
"RN00100","nest",2013,1029,5.050081,53.29718
"RN00100","nest",2013,850,5.059971,53.29859
"RN00100","nest",2014,618,5.07708,53.30105
"RN00100","nest",2014,631,5.0842,53.29811
