"RingNumber","Event","Month","Year","NestNo","NestLon","NestLat"
"RN00001","birth","March",1968,NA,NA,NA
"RN00001","nest","July",1969,587,5.056053,53.30052
"RN00001","nest","July",1971,527,5.072,53.30027
"RN00001","nest","March",1971,301,5.029538,53.28306
"RN00001","nest","March",1971,1002,5.0807,53.29823
"RN00001","nest",NA,NA,NA,NA,NA
"RN00002","birth","May",1979,NA,NA,NA
"RN00002","nest","May",1980,440,5.0598,53.29937
"RN00002","nest","March",1982,1004,5.0825,53.29902
"RN00002","nest","June",1982,452,5.051362,53.29734
"RN00002","nest","April",1982,480,5.057952,53.30116
"RN00002","nest","June",1997,1005,5.083,53.29855
"RN00002","nest","March",1997,590,5.070869,53.30404
"RN00002","nest","March",1998,335,5.029364,53.28541
"RN00002","nest","April",1998,417,5.076542,53.30062
"RN00002","nest",NA,NA,NA,NA,NA
"RN00003","birth","July",2023,NA,NA,NA
"RN00003","nest","March",2024,325,5.029233,53.28553
"RN00003","nest","June",2024,630,5.0837,53.29877
"RN00003","nest","March",2025,871,5.0846,53.29787
"RN00003","nest","May",2025,7,4.977695,53.2703
"RN00003","nest",NA,NA,NA,NA,NA
"RN00004","birth","June",2011,NA,NA,NA
"RN00004","nest","April",2012,111,4.998843,53.27479
"RN00004","nest","June",2012,671,5.0519,53.29961
"RN00004","nest","July",2014,457,5.046745,53.29718
"RN00004","nest","March",2014,871,5.0846,53.29787
"RN00004","nest",NA,NA,NA,NA,NA
"RN00005","birth","April",1963,NA,NA,NA
"RN00005","nest","June",1964,453,5.049744,53.29689
"RN00005","nest","July",1964,664,5.0487,53.29024
"RN00005","nest","July",1966,46,4.974364,53.26909
"RN00005","nest","April",1966,618,5.07708,53.30105
"RN00005","nest",NA,NA,NA,NA,NA
"RN00006","birth","July",1980,NA,NA,NA
"RN00006","nest","March",1981,319,5.02581,53.2863
"RN00006","nest","April",1981,321,5.028995,53.28528
"RN00006","nest","June",1981,637,5.079233,53.3028
"RN00006","nest","May",1983,31,4.974064,53.27081
"RN00006","nest",NA,NA,NA,NA,NA
"RN00007","birth","March",1961,NA,NA,NA
"RN00007","nest","June",1964,453,5.049744,53.29689
"RN00007","nest","July",1964,664,5.0487,53.29024
"RN00007","nest","July",1966,46,4.974364,53.26909
"RN00007","nest","April",1966,618,5.07708,53.30105
"RN00007","nest","July",1969,587,5.056053,53.30052
"RN00007","nest","July",1971,527,5.072,53.30027
"RN00007","nest","March",1971,301,5.029538,53.28306
"RN00007","nest","March",1971,1002,5.0807,53.29823
"RN00007","nest",NA,NA,NA,NA,NA
"RN00008","birth","March",1996,NA,NA,NA
"RN00008","nest","June",1997,1005,5.083,53.29855
"RN00008","nest","March",1997,590,5.070869,53.30404
"RN00008","nest","March",1998,335,5.029364,53.28541
"RN00008","nest","April",1998,417,5.076542,53.30062
"RN00008","nest",NA,NA,NA,NA,NA
"RN00009","birth","April",1963,NA,NA,NA
"RN00009","nest","June",1965,211,5.011264,53.27929
"RN00009","nest","April",1966,412,5.0855,53.29991
"RN00009","nest","July",1971,607,5.077774,53.29723
"RN00009","nest","March",1972,307,5.02588,53.28455
"RN00009","nest","April",1972,230,5.010022,53.27882
"RN00009","nest","March",1972,425,5.0724,53.30382
"RN00009","nest",NA,NA,NA,NA,NA
"RN00010","birth","May",1990,NA,NA,NA
"RN00010","nest","July",1991,325,5.029233,53.28553
"RN00010","nest","May",1992,1013,5.068421,53.30359
"RN00010","nest","April",1992,471,5.058957,53.30053
"RN00010","nest","June",1993,305,5.023843,53.2855
"RN00010","nest",NA,NA,NA,NA,NA
"RN00011","birth","July",1969,587,5.056053,53.30052
"RN00011","nest","July",1971,607,5.077774,53.29723
"RN00011","nest","March",1972,307,5.02588,53.28455
"RN00011","nest","April",1972,230,5.010022,53.27882
"RN00011","nest","March",1972,425,5.0724,53.30382
"RN00011","nest",NA,NA,NA,NA,NA
"RN00012","birth","July",1969,587,5.056053,53.30052
"RN00012","nest","June",1970,480,5.057952,53.30116
"RN00012","nest","April",1971,520,5.074242,53.30421
"RN00012","nest","May",1971,1011,5.065953,53.30346
"RN00012","nest","June",1972,326,5.026652,53.28618
"RN00012","nest",NA,NA,NA,NA,NA
"RN00013","birth","July",1969,587,5.056053,53.30052
"RN00013","nest","June",1970,1011,5.065953,53.30346
"RN00013","nest","July",1970,1002,5.0807,53.29823
"RN00013","nest","June",1971,535,5.0588,53.29813
"RN00013","nest","June",1972,123,5.002703,53.27549
"RN00013","nest",NA,NA,NA,NA,NA
"RN00014","birth","July",1971,527,5.072,53.30027
"RN00014","nest","May",1972,311,5.025332,53.28372
"RN00014","nest","March",1972,30,4.973614,53.27004
"RN00014","nest","May",1973,516,5.0631,53.30295
"RN00014","nest","March",1973,423,5.070919,53.30112
"RN00014","nest",NA,NA,NA,NA,NA
"RN00015","birth","July",1971,527,5.072,53.30027
"RN00015","nest","June",1973,770,5.0781,53.29695
"RN00015","nest","April",1974,412,5.0855,53.29991
"RN00015","nest","May",1974,518,5.071104,53.30264
"RN00015","nest",NA,NA,NA,NA,NA
"RN00016","birth","July",1971,527,5.072,53.30027
"RN00016","nest","June",1974,504,5.0825,53.30167
"RN00016","nest","May",1974,1001,5.0797,53.29759
"RN00016","nest","May",1974,240,5.015945,53.28043
"RN00016","nest","March",1974,638,5.081,53.30304
"RN00016","nest",NA,NA,NA,NA,NA
"RN00017","birth","March",1971,301,5.029538,53.28306
"RN00017","nest","July",1972,306,5.023104,53.28443
"RN00017","nest","June",1972,634,5.0785,53.29942
"RN00017","nest","April",1973,1018,5.069736,53.30153
"RN00017","nest","July",1973,587,5.056053,53.30052
"RN00017","nest",NA,NA,NA,NA,NA
"RN00018","birth","March",1971,301,5.029538,53.28306
"RN00018","nest","June",1973,858,5.058731,53.29604
"RN00018","nest","July",1973,102,4.995656,53.27459
"RN00018","nest","June",1973,566,5.0793,53.30346
"RN00018","nest","March",1974,566,5.0793,53.30346
"RN00018","nest","April",2012,111,4.998843,53.27479
"RN00018","nest","June",2012,671,5.0519,53.29961
"RN00018","nest","July",2014,457,5.046745,53.29718
"RN00018","nest","March",2014,871,5.0846,53.29787
"RN00018","nest",NA,NA,NA,NA,NA
"RN00019","birth","March",1971,301,5.029538,53.28306
"RN00019","nest","June",1974,504,5.0825,53.30167
"RN00019","nest","May",1974,1001,5.0797,53.29759
"RN00019","nest","May",1974,240,5.015945,53.28043
"RN00019","nest","March",1974,638,5.081,53.30304
"RN00019","nest",NA,NA,NA,NA,NA
"RN00020","birth","March",1971,1002,5.0807,53.29823
"RN00020","nest","March",1973,667,5.052337,53.2954
"RN00020","nest","March",1973,663,5.0533,53.29186
"RN00020","nest","June",1974,108,4.999194,53.27405
"RN00020","nest","May",1974,648,5.0699,53.29971
"RN00020","nest","July",2013,330,5.031643,53.28124
"RN00020","nest","June",2014,1007,5.085,53.30013
"RN00020","nest","May",2015,208,5.011622,53.27827
"RN00020","nest","June",2015,670,5.05599,53.29957
"RN00020","nest",NA,NA,NA,NA,NA
"RN00021","birth","March",1971,1002,5.0807,53.29823
"RN00021","nest","June",1972,482,5.060695,53.30138
"RN00021","nest","June",1972,679,5.0615,53.30026
"RN00021","nest","March",1972,114,4.997665,53.2755
"RN00021","nest","March",1973,454,5.048339,53.29643
"RN00021","nest","May",1980,440,5.0598,53.29937
"RN00021","nest","March",1982,1004,5.0825,53.29902
"RN00021","nest","June",1982,452,5.051362,53.29734
"RN00021","nest","April",1982,480,5.057952,53.30116
"RN00021","nest",NA,NA,NA,NA,NA
"RN00022","birth","March",1971,1002,5.0807,53.29823
"RN00022","nest","July",1972,691,5.082373,53.30225
"RN00022","nest","July",1972,240,5.015945,53.28043
"RN00022","nest","March",1973,601,5.0763,53.3044
"RN00022","nest","June",1974,241,5.016071,53.27917
"RN00022","nest",NA,NA,NA,NA,NA
"RN00023","birth","March",1982,1004,5.0825,53.29902
"RN00023","nest","March",1984,601,5.0763,53.3044
"RN00023","nest","April",1985,472,5.0736,53.3022
"RN00023","nest","May",1985,1018,5.069736,53.30153
"RN00023","nest","March",1985,330,5.031643,53.28124
"RN00023","nest",NA,NA,NA,NA,NA
"RN00024","birth","March",1982,1004,5.0825,53.29902
"RN00024","nest","May",1983,1039,5.0607,53.30278
"RN00024","nest","March",1984,470,5.06618,53.3002
"RN00024","nest","May",1984,310,5.024732,53.28417
"RN00024","nest","May",1984,661,5.056512,53.29445
"RN00024","nest","March",1985,1030,5.0757,53.30472
"RN00024","nest","May",1985,607,5.077774,53.29723
"RN00024","nest","March",1985,427,5.067788,53.30452
"RN00024","nest","April",1985,525,5.081517,53.30219
"RN00024","nest",NA,NA,NA,NA,NA
"RN00025","birth","March",1982,1004,5.0825,53.29902
"RN00025","nest","April",1983,444,5.056133,53.30078
"RN00025","nest","May",1984,615,5.0808,53.30266
"RN00025","nest","April",1984,119,4.996602,53.27549
"RN00025","nest","April",1984,106,4.997076,53.27551
"RN00025","nest","March",2024,325,5.029233,53.28553
"RN00025","nest","June",2024,630,5.0837,53.29877
"RN00025","nest","March",2025,871,5.0846,53.29787
"RN00025","nest","May",2025,7,4.977695,53.2703
"RN00025","nest",NA,NA,NA,NA,NA
"RN00026","birth","June",1982,452,5.051362,53.29734
"RN00026","nest","March",1983,651,5.0609,53.30053
"RN00026","nest","June",1983,427,5.067788,53.30452
"RN00026","nest","July",1984,510,5.047463,53.29634
"RN00026","nest","April",1985,665,5.0523,53.29269
"RN00026","nest",NA,NA,NA,NA,NA
"RN00027","birth","June",1982,452,5.051362,53.29734
"RN00027","nest","March",1983,699,5.046331,53.29174
"RN00027","nest","May",1984,871,5.0846,53.29787
"RN00027","nest","May",1984,214,5.014016,53.2795
"RN00027","nest","March",1985,35,4.987165,53.27298
"RN00027","nest",NA,NA,NA,NA,NA
"RN00028","birth","June",1982,452,5.051362,53.29734
"RN00028","nest","June",1983,310,5.024732,53.28417
"RN00028","nest","March",1983,428,5.068413,53.30249
"RN00028","nest","June",1984,222,5.012417,53.28061
"RN00028","nest","March",1985,1010,5.066887,53.30241
"RN00028","nest",NA,NA,NA,NA,NA
"RN00029","birth","May",1980,440,5.0598,53.29937
"RN00029","nest","July",1981,436,5.064523,53.29986
"RN00029","nest","July",1981,471,5.058957,53.30053
"RN00029","nest","March",1983,34,4.984582,53.27206
"RN00029","nest","May",1983,932,5.04857,53.30064
"RN00029","nest",NA,NA,NA,NA,NA
"RN00030","birth","May",1980,440,5.0598,53.29937
"RN00030","nest","March",1981,305,5.023843,53.2855
"RN00030","nest","March",1982,56,4.979887,53.27128
"RN00030","nest","May",1983,507,5.0473,53.29094
"RN00030","nest","July",1983,48,4.984663,53.27147
"RN00030","nest",NA,NA,NA,NA,NA
"RN00031","birth","May",1980,440,5.0598,53.29937
"RN00031","nest","March",1981,319,5.02581,53.2863
"RN00031","nest","April",1981,321,5.028995,53.28528
"RN00031","nest","June",1981,637,5.079233,53.3028
"RN00031","nest","July",1981,436,5.064523,53.29986
"RN00031","nest","July",1981,471,5.058957,53.30053
"RN00031","nest","April",1982,226,5.008192,53.28061
"RN00031","nest","March",1982,1025,5.047545,53.29882
"RN00031","nest","June",1982,520,5.074242,53.30421
"RN00031","nest","May",1983,31,4.974064,53.27081
"RN00031","nest","March",1983,34,4.984582,53.27206
"RN00031","nest","May",1983,932,5.04857,53.30064
"RN00031","nest",NA,NA,NA,NA,NA
"RN00032","birth","April",1982,480,5.057952,53.30116
"RN00032","nest","July",1985,475,5.086052,53.29921
"RN00032","nest",NA,NA,NA,NA,NA
"RN00033","birth","April",1982,480,5.057952,53.30116
"RN00033","nest","May",1983,1039,5.0607,53.30278
"RN00033","nest","May",1985,607,5.077774,53.29723
"RN00033","nest","March",1985,427,5.067788,53.30452
"RN00033","nest","April",1985,525,5.081517,53.30219
"RN00033","nest",NA,NA,NA,NA,NA
"RN00034","birth","April",1982,480,5.057952,53.30116
"RN00034","nest","May",1983,535,5.0588,53.29813
"RN00034","nest","July",1983,488,5.0781,53.30075
"RN00034","nest","July",1983,22,4.974322,53.2716
"RN00034","nest","April",1985,49,4.974012,53.27197
"RN00034","nest",NA,NA,NA,NA,NA
"RN00035","birth","March",2025,871,5.0846,53.29787
"RN00035","nest",NA,NA,NA,NA,NA
"RN00036","birth","March",2025,871,5.0846,53.29787
"RN00036","nest",NA,NA,NA,NA,NA
"RN00037","birth","March",2025,871,5.0846,53.29787
"RN00037","nest",NA,NA,NA,NA,NA
"RN00038","birth","March",2024,325,5.029233,53.28553
"RN00038","nest",NA,NA,NA,NA,NA
"RN00039","birth","March",2024,325,5.029233,53.28553
"RN00039","nest",NA,NA,NA,NA,NA
"RN00040","birth","March",2024,325,5.029233,53.28553
"RN00040","nest",NA,NA,NA,NA,NA
"RN00041","birth","May",2025,7,4.977695,53.2703
"RN00041","nest",NA,NA,NA,NA,NA
"RN00042","birth","May",2025,7,4.977695,53.2703
"RN00042","nest",NA,NA,NA,NA,NA
"RN00043","birth","May",2025,7,4.977695,53.2703
"RN00043","nest",NA,NA,NA,NA,NA
"RN00044","birth","June",2024,630,5.0837,53.29877
"RN00044","nest",NA,NA,NA,NA,NA
"RN00045","birth","June",2024,630,5.0837,53.29877
"RN00045","nest",NA,NA,NA,NA,NA
"RN00046","birth","June",2024,630,5.0837,53.29877
"RN00046","nest",NA,NA,NA,NA,NA
"RN00047","birth","April",2012,111,4.998843,53.27479
"RN00047","nest","March",2013,6,4.976952,53.27027
"RN00047","nest","May",2014,217,5.016006,53.28009
"RN00047","nest","April",2015,520,5.074242,53.30421
"RN00047","nest","April",2015,429,5.0647,53.3031
"RN00047","nest",NA,NA,NA,NA,NA
"RN00048","birth","April",2012,111,4.998843,53.27479
"RN00048","nest","June",2013,509,5.046622,53.29453
"RN00048","nest","April",2014,118,4.995247,53.27466
"RN00048","nest","July",2014,523,5.0792,53.30367
"RN00048","nest","March",2015,217,5.016006,53.28009
"RN00048","nest",NA,NA,NA,NA,NA
"RN00049","birth","April",2012,111,4.998843,53.27479
"RN00049","nest","May",2015,118,4.995247,53.27466
"RN00049","nest",NA,NA,NA,NA,NA
"RN00050","birth","June",2012,671,5.0519,53.29961
"RN00050","nest","July",2013,666,5.051056,53.29465
"RN00050","nest","July",2014,24,4.972031,53.27037
"RN00050","nest","June",2015,221,5.011863,53.28043
"RN00050","nest","March",2015,668,5.054279,53.29682
"RN00050","nest",NA,NA,NA,NA,NA
"RN00051","birth","June",2012,671,5.0519,53.29961
"RN00051","nest","July",2013,330,5.031643,53.28124
"RN00051","nest","June",2014,1007,5.085,53.30013
"RN00051","nest","May",2015,208,5.011622,53.27827
"RN00051","nest","June",2015,670,5.05599,53.29957
"RN00051","nest",NA,NA,NA,NA,NA
"RN00052","birth","June",2012,671,5.0519,53.29961
"RN00052","nest","June",2015,679,5.0615,53.30026
"RN00052","nest","March",2015,319,5.02581,53.2863
"RN00052","nest",NA,NA,NA,NA,NA
"RN00053","birth","July",2014,457,5.046745,53.29718
"RN00053","nest","June",2016,443,5.060432,53.30051
"RN00053","nest","March",2016,456,5.04627,53.29576
"RN00053","nest","March",2016,441,5.0577,53.30052
"RN00053","nest","June",2017,229,5.00771,53.2791
"RN00053","nest",NA,NA,NA,NA,NA
"RN00054","birth","July",2014,457,5.046745,53.29718
"RN00054","nest","May",2016,540,5.046433,53.29785
"RN00054","nest","March",2016,649,5.0639,53.29893
"RN00054","nest","May",2017,590,5.070869,53.30404
"RN00054","nest","April",2017,414,5.0796,53.30133
"RN00054","nest",NA,NA,NA,NA,NA
"RN00055","birth","July",2014,457,5.046745,53.29718
"RN00055","nest","June",2015,679,5.0615,53.30026
"RN00055","nest","March",2015,319,5.02581,53.2863
"RN00055","nest","March",2015,661,5.056512,53.29445
"RN00055","nest","April",2016,591,5.073971,53.30443
"RN00055","nest","March",2017,630,5.0837,53.29877
"RN00055","nest","May",2017,444,5.056133,53.30078
"RN00055","nest",NA,NA,NA,NA,NA
"RN00056","birth","March",2014,871,5.0846,53.29787
"RN00056","nest","May",2015,118,4.995247,53.27466
"RN00056","nest","July",2015,402,5.078,53.29759
"RN00056","nest","July",2015,587,5.056053,53.30052
"RN00056","nest","May",2016,932,5.04857,53.30064
"RN00056","nest","June",2017,482,5.060695,53.30138
"RN00056","nest",NA,NA,NA,NA,NA
"RN00057","birth","March",2014,871,5.0846,53.29787
"RN00057","nest","July",2015,230,5.010022,53.27882
"RN00057","nest","July",2015,420,5.0787,53.30307
"RN00057","nest","May",2015,643,5.0669,53.30313
"RN00057","nest","April",2015,1005,5.083,53.29855
"RN00057","nest",NA,NA,NA,NA,NA
"RN00058","birth","March",2014,871,5.0846,53.29787
"RN00058","nest","March",2015,543,5.060413,53.30134
"RN00058","nest","May",2015,699,5.046331,53.29174
"RN00058","nest","June",2015,218,5.015962,53.28083
"RN00058","nest","March",2017,45,4.980888,53.27078
"RN00058","nest",NA,NA,NA,NA,NA
"RN00059","birth","June",1964,453,5.049744,53.29689
"RN00059","nest",NA,NA,NA,NA,NA
"RN00060","birth","June",1964,453,5.049744,53.29689
"RN00060","nest",NA,NA,NA,NA,NA
"RN00061","birth","June",1964,453,5.049744,53.29689
"RN00061","nest",NA,NA,NA,NA,NA
"RN00062","birth","July",1966,46,4.974364,53.26909
"RN00062","nest","May",1972,311,5.025332,53.28372
"RN00062","nest","March",1972,30,4.973614,53.27004
"RN00062","nest","May",1973,516,5.0631,53.30295
"RN00062","nest","March",1973,423,5.070919,53.30112
"RN00062","nest",NA,NA,NA,NA,NA
"RN00063","birth","July",1966,46,4.974364,53.26909
"RN00063","nest",NA,NA,NA,NA,NA
"RN00064","birth","July",1966,46,4.974364,53.26909
"RN00064","nest",NA,NA,NA,NA,NA
"RN00065","birth","July",1964,664,5.0487,53.29024
"RN00065","nest",NA,NA,NA,NA,NA
"RN00066","birth","July",1964,664,5.0487,53.29024
"RN00066","nest",NA,NA,NA,NA,NA
"RN00067","birth","July",1964,664,5.0487,53.29024
"RN00067","nest","June",1965,211,5.011264,53.27929
"RN00067","nest","April",1966,412,5.0855,53.29991
"RN00067","nest","March",1983,651,5.0609,53.30053
"RN00067","nest","June",1983,427,5.067788,53.30452
"RN00067","nest","July",1984,510,5.047463,53.29634
"RN00067","nest","April",1985,665,5.0523,53.29269
"RN00067","nest",NA,NA,NA,NA,NA
"RN00068","birth","April",1966,618,5.07708,53.30105
"RN00068","nest",NA,NA,NA,NA,NA
"RN00069","birth","April",1966,618,5.07708,53.30105
"RN00069","nest","June",1972,482,5.060695,53.30138
"RN00069","nest","June",1972,679,5.0615,53.30026
"RN00069","nest","March",1972,114,4.997665,53.2755
"RN00069","nest","March",1973,454,5.048339,53.29643
"RN00069","nest",NA,NA,NA,NA,NA
"RN00070","birth","April",1966,618,5.07708,53.30105
"RN00070","nest","May",1983,535,5.0588,53.29813
"RN00070","nest","July",1983,488,5.0781,53.30075
"RN00070","nest","July",1983,22,4.974322,53.2716
"RN00070","nest","April",1985,49,4.974012,53.27197
"RN00070","nest",NA,NA,NA,NA,NA
"RN00071","birth","May",1983,31,4.974064,53.27081
"RN00071","nest",NA,NA,NA,NA,NA
"RN00072","birth","May",1983,31,4.974064,53.27081
"RN00072","nest",NA,NA,NA,NA,NA
"RN00073","birth","May",1983,31,4.974064,53.27081
"RN00073","nest",NA,NA,NA,NA,NA
"RN00074","birth","March",1981,319,5.02581,53.2863
"RN00074","nest",NA,NA,NA,NA,NA
"RN00075","birth","March",1981,319,5.02581,53.2863
"RN00075","nest",NA,NA,NA,NA,NA
"RN00076","birth","March",1981,319,5.02581,53.2863
"RN00076","nest",NA,NA,NA,NA,NA
"RN00077","birth","April",1981,321,5.028995,53.28528
"RN00077","nest",NA,NA,NA,NA,NA
"RN00078","birth","April",1981,321,5.028995,53.28528
"RN00078","nest",NA,NA,NA,NA,NA
"RN00079","birth","April",1981,321,5.028995,53.28528
"RN00079","nest",NA,NA,NA,NA,NA
"RN00080","birth","June",1981,637,5.079233,53.3028
"RN00080","nest",NA,NA,NA,NA,NA
"RN00081","birth","June",1981,637,5.079233,53.3028
"RN00081","nest",NA,NA,NA,NA,NA
"RN00082","birth","June",1981,637,5.079233,53.3028
"RN00082","nest",NA,NA,NA,NA,NA
"RN00083","birth","March",1998,335,5.029364,53.28541
"RN00083","nest",NA,NA,NA,NA,NA
"RN00084","birth","March",1998,335,5.029364,53.28541
"RN00084","nest",NA,NA,NA,NA,NA
"RN00085","birth","March",1998,335,5.029364,53.28541
"RN00085","nest",NA,NA,NA,NA,NA
"RN00086","birth","April",1998,417,5.076542,53.30062
"RN00086","nest",NA,NA,NA,NA,NA
"RN00087","birth","April",1998,417,5.076542,53.30062
"RN00087","nest",NA,NA,NA,NA,NA
"RN00088","birth","April",1998,417,5.076542,53.30062
"RN00088","nest",NA,NA,NA,NA,NA
"RN00089","birth","June",1997,1005,5.083,53.29855
"RN00089","nest",NA,NA,NA,NA,NA
"RN00090","birth","June",1997,1005,5.083,53.29855
"RN00090","nest",NA,NA,NA,NA,NA
"RN00091","birth","June",1997,1005,5.083,53.29855
"RN00091","nest",NA,NA,NA,NA,NA
"RN00092","birth","March",1997,590,5.070869,53.30404
"RN00092","nest",NA,NA,NA,NA,NA
"RN00093","birth","March",1997,590,5.070869,53.30404
"RN00093","nest",NA,NA,NA,NA,NA
"RN00094","birth","March",1997,590,5.070869,53.30404
"RN00094","nest",NA,NA,NA,NA,NA
"RN00095","birth","April",1966,412,5.0855,53.29991
"RN00095","nest",NA,NA,NA,NA,NA
"RN00096","birth","April",1966,412,5.0855,53.29991
"RN00096","nest",NA,NA,NA,NA,NA
"RN00097","birth","April",1966,412,5.0855,53.29991
"RN00097","nest","March",1973,667,5.052337,53.2954
"RN00097","nest","March",1973,663,5.0533,53.29186
"RN00097","nest","June",1974,108,4.999194,53.27405
"RN00097","nest","May",1974,648,5.0699,53.29971
"RN00097","nest",NA,NA,NA,NA,NA
"RN00098","birth","June",1965,211,5.011264,53.27929
"RN00098","nest","July",1991,325,5.029233,53.28553
"RN00098","nest","May",1992,1013,5.068421,53.30359
"RN00098","nest","April",1992,471,5.058957,53.30053
"RN00098","nest","June",1993,305,5.023843,53.2855
"RN00098","nest",NA,NA,NA,NA,NA
"RN00099","birth","June",1965,211,5.011264,53.27929
"RN00099","nest","June",1970,1011,5.065953,53.30346
"RN00099","nest","July",1970,1002,5.0807,53.29823
"RN00099","nest","June",1971,535,5.0588,53.29813
"RN00099","nest","June",1972,123,5.002703,53.27549
"RN00099","nest","July",1972,691,5.082373,53.30225
"RN00099","nest","July",1972,240,5.015945,53.28043
"RN00099","nest","March",1973,601,5.0763,53.3044
"RN00099","nest","June",1974,241,5.016071,53.27917
"RN00099","nest",NA,NA,NA,NA,NA
"RN00100","birth","June",1965,211,5.011264,53.27929
"RN00100","nest","June",1970,480,5.057952,53.30116
"RN00100","nest","April",1971,520,5.074242,53.30421
"RN00100","nest","May",1971,1011,5.065953,53.30346
"RN00100","nest","June",1972,326,5.026652,53.28618
"RN00100","nest",NA,NA,NA,NA,NA
"RN00101","birth","May",1992,1013,5.068421,53.30359
"RN00101","nest",NA,NA,NA,NA,NA
"RN00102","birth","May",1992,1013,5.068421,53.30359
"RN00102","nest",NA,NA,NA,NA,NA
"RN00103","birth","May",1992,1013,5.068421,53.30359
"RN00103","nest",NA,NA,NA,NA,NA
"RN00104","birth","April",1992,471,5.058957,53.30053
"RN00104","nest",NA,NA,NA,NA,NA
"RN00105","birth","April",1992,471,5.058957,53.30053
"RN00105","nest",NA,NA,NA,NA,NA
"RN00106","birth","April",1992,471,5.058957,53.30053
"RN00106","nest",NA,NA,NA,NA,NA
"RN00107","birth","July",1991,325,5.029233,53.28553
"RN00107","nest",NA,NA,NA,NA,NA
"RN00108","birth","July",1991,325,5.029233,53.28553
"RN00108","nest",NA,NA,NA,NA,NA
"RN00109","birth","July",1991,325,5.029233,53.28553
"RN00109","nest",NA,NA,NA,NA,NA
"RN00110","birth","June",1993,305,5.023843,53.2855
"RN00110","nest",NA,NA,NA,NA,NA
"RN00111","birth","June",1993,305,5.023843,53.2855
"RN00111","nest",NA,NA,NA,NA,NA
"RN00112","birth","June",1993,305,5.023843,53.2855
"RN00112","nest",NA,NA,NA,NA,NA
"RN00113","birth","March",1972,307,5.02588,53.28455
"RN00113","nest",NA,NA,NA,NA,NA
"RN00114","birth","March",1972,307,5.02588,53.28455
"RN00114","nest",NA,NA,NA,NA,NA
"RN00115","birth","March",1972,307,5.02588,53.28455
"RN00115","nest",NA,NA,NA,NA,NA
"RN00116","birth","July",1971,607,5.077774,53.29723
"RN00116","nest",NA,NA,NA,NA,NA
"RN00117","birth","July",1971,607,5.077774,53.29723
"RN00117","nest",NA,NA,NA,NA,NA
"RN00118","birth","July",1971,607,5.077774,53.29723
"RN00118","nest",NA,NA,NA,NA,NA
"RN00119","birth","April",1972,230,5.010022,53.27882
"RN00119","nest",NA,NA,NA,NA,NA
"RN00120","birth","April",1972,230,5.010022,53.27882
"RN00120","nest",NA,NA,NA,NA,NA
"RN00121","birth","April",1972,230,5.010022,53.27882
"RN00121","nest",NA,NA,NA,NA,NA
"RN00122","birth","March",1972,425,5.0724,53.30382
"RN00122","nest",NA,NA,NA,NA,NA
"RN00123","birth","March",1972,425,5.0724,53.30382
"RN00123","nest","June",1973,858,5.058731,53.29604
"RN00123","nest","July",1973,102,4.995656,53.27459
"RN00123","nest","June",1973,566,5.0793,53.30346
"RN00123","nest","March",1974,566,5.0793,53.30346
"RN00123","nest",NA,NA,NA,NA,NA
"RN00124","birth","March",1972,425,5.0724,53.30382
"RN00124","nest",NA,NA,NA,NA,NA
"RN00125","birth","June",1970,480,5.057952,53.30116
"RN00125","nest",NA,NA,NA,NA,NA
"RN00126","birth","June",1970,480,5.057952,53.30116
"RN00126","nest",NA,NA,NA,NA,NA
"RN00127","birth","June",1970,480,5.057952,53.30116
"RN00127","nest",NA,NA,NA,NA,NA
"RN00128","birth","April",1971,520,5.074242,53.30421
"RN00128","nest",NA,NA,NA,NA,NA
"RN00129","birth","April",1971,520,5.074242,53.30421
"RN00129","nest",NA,NA,NA,NA,NA
"RN00130","birth","April",1971,520,5.074242,53.30421
"RN00130","nest",NA,NA,NA,NA,NA
"RN00131","birth","May",1971,1011,5.065953,53.30346
"RN00131","nest","July",2013,666,5.051056,53.29465
"RN00131","nest","July",2014,24,4.972031,53.27037
"RN00131","nest","June",2015,221,5.011863,53.28043
"RN00131","nest","March",2015,668,5.054279,53.29682
"RN00131","nest","May",2016,540,5.046433,53.29785
"RN00131","nest","March",2016,649,5.0639,53.29893
"RN00131","nest","May",2017,590,5.070869,53.30404
"RN00131","nest","April",2017,414,5.0796,53.30133
"RN00131","nest",NA,NA,NA,NA,NA
"RN00132","birth","May",1971,1011,5.065953,53.30346
"RN00132","nest",NA,NA,NA,NA,NA
"RN00133","birth","May",1971,1011,5.065953,53.30346
"RN00133","nest",NA,NA,NA,NA,NA
"RN00134","birth","June",1972,326,5.026652,53.28618
"RN00134","nest",NA,NA,NA,NA,NA
"RN00135","birth","June",1972,326,5.026652,53.28618
"RN00135","nest",NA,NA,NA,NA,NA
"RN00136","birth","June",1972,326,5.026652,53.28618
"RN00136","nest",NA,NA,NA,NA,NA
"RN00137","birth","June",1970,1011,5.065953,53.30346
"RN00137","nest",NA,NA,NA,NA,NA
"RN00138","birth","June",1970,1011,5.065953,53.30346
"RN00138","nest","March",1981,305,5.023843,53.2855
"RN00138","nest","March",1982,56,4.979887,53.27128
"RN00138","nest","May",1983,507,5.0473,53.29094
"RN00138","nest","July",1983,48,4.984663,53.27147
"RN00138","nest",NA,NA,NA,NA,NA
"RN00139","birth","June",1970,1011,5.065953,53.30346
"RN00139","nest","July",1972,306,5.023104,53.28443
"RN00139","nest","June",1972,634,5.0785,53.29942
"RN00139","nest","April",1973,1018,5.069736,53.30153
"RN00139","nest","July",1973,587,5.056053,53.30052
"RN00139","nest",NA,NA,NA,NA,NA
"RN00140","birth","July",1970,1002,5.0807,53.29823
"RN00140","nest",NA,NA,NA,NA,NA
"RN00141","birth","July",1970,1002,5.0807,53.29823
"RN00141","nest",NA,NA,NA,NA,NA
"RN00142","birth","July",1970,1002,5.0807,53.29823
"RN00142","nest",NA,NA,NA,NA,NA
"RN00143","birth","June",1971,535,5.0588,53.29813
"RN00143","nest",NA,NA,NA,NA,NA
"RN00144","birth","June",1971,535,5.0588,53.29813
"RN00144","nest",NA,NA,NA,NA,NA
"RN00145","birth","June",1971,535,5.0588,53.29813
"RN00145","nest",NA,NA,NA,NA,NA
"RN00146","birth","June",1972,123,5.002703,53.27549
"RN00146","nest","June",1973,770,5.0781,53.29695
"RN00146","nest","April",1974,412,5.0855,53.29991
"RN00146","nest","May",1974,518,5.071104,53.30264
"RN00146","nest",NA,NA,NA,NA,NA
"RN00147","birth","June",1972,123,5.002703,53.27549
"RN00147","nest",NA,NA,NA,NA,NA
"RN00148","birth","June",1972,123,5.002703,53.27549
"RN00148","nest",NA,NA,NA,NA,NA
"RN00149","birth","May",1972,311,5.025332,53.28372
"RN00149","nest",NA,NA,NA,NA,NA
"RN00150","birth","May",1972,311,5.025332,53.28372
"RN00150","nest",NA,NA,NA,NA,NA
"RN00151","birth","May",1972,311,5.025332,53.28372
"RN00151","nest",NA,NA,NA,NA,NA
"RN00152","birth","March",1972,30,4.973614,53.27004
"RN00152","nest",NA,NA,NA,NA,NA
"RN00153","birth","March",1972,30,4.973614,53.27004
"RN00153","nest",NA,NA,NA,NA,NA
"RN00154","birth","March",1972,30,4.973614,53.27004
"RN00154","nest",NA,NA,NA,NA,NA
"RN00155","birth","May",1973,516,5.0631,53.30295
"RN00155","nest",NA,NA,NA,NA,NA
"RN00156","birth","May",1973,516,5.0631,53.30295
"RN00156","nest",NA,NA,NA,NA,NA
"RN00157","birth","May",1973,516,5.0631,53.30295
"RN00157","nest",NA,NA,NA,NA,NA
"RN00158","birth","March",1973,423,5.070919,53.30112
"RN00158","nest",NA,NA,NA,NA,NA
"RN00159","birth","March",1973,423,5.070919,53.30112
"RN00159","nest",NA,NA,NA,NA,NA
"RN00160","birth","March",1973,423,5.070919,53.30112
"RN00160","nest",NA,NA,NA,NA,NA
"RN00161","birth","April",1974,412,5.0855,53.29991
"RN00161","nest",NA,NA,NA,NA,NA
"RN00162","birth","April",1974,412,5.0855,53.29991
"RN00162","nest",NA,NA,NA,NA,NA
"RN00163","birth","April",1974,412,5.0855,53.29991
"RN00163","nest",NA,NA,NA,NA,NA
"RN00164","birth","May",1974,518,5.071104,53.30264
"RN00164","nest",NA,NA,NA,NA,NA
"RN00165","birth","May",1974,518,5.071104,53.30264
"RN00165","nest",NA,NA,NA,NA,NA
"RN00166","birth","May",1974,518,5.071104,53.30264
"RN00166","nest",NA,NA,NA,NA,NA
"RN00167","birth","June",1973,770,5.0781,53.29695
"RN00167","nest",NA,NA,NA,NA,NA
"RN00168","birth","June",1973,770,5.0781,53.29695
"RN00168","nest",NA,NA,NA,NA,NA
"RN00169","birth","June",1973,770,5.0781,53.29695
"RN00169","nest",NA,NA,NA,NA,NA
"RN00170","birth","June",1974,504,5.0825,53.30167
"RN00170","nest",NA,NA,NA,NA,NA
"RN00171","birth","June",1974,504,5.0825,53.30167
"RN00171","nest","March",1984,601,5.0763,53.3044
"RN00171","nest","April",1985,472,5.0736,53.3022
"RN00171","nest","May",1985,1018,5.069736,53.30153
"RN00171","nest","March",1985,330,5.031643,53.28124
"RN00171","nest",NA,NA,NA,NA,NA
"RN00172","birth","June",1974,504,5.0825,53.30167
"RN00172","nest",NA,NA,NA,NA,NA
"RN00173","birth","May",1974,1001,5.0797,53.29759
"RN00173","nest",NA,NA,NA,NA,NA
"RN00174","birth","May",1974,1001,5.0797,53.29759
"RN00174","nest",NA,NA,NA,NA,NA
"RN00175","birth","May",1974,1001,5.0797,53.29759
"RN00175","nest",NA,NA,NA,NA,NA
"RN00176","birth","May",1974,240,5.015945,53.28043
"RN00176","nest",NA,NA,NA,NA,NA
"RN00177","birth","May",1974,240,5.015945,53.28043
"RN00177","nest",NA,NA,NA,NA,NA
"RN00178","birth","May",1974,240,5.015945,53.28043
"RN00178","nest",NA,NA,NA,NA,NA
"RN00179","birth","March",1974,638,5.081,53.30304
"RN00179","nest",NA,NA,NA,NA,NA
"RN00180","birth","March",1974,638,5.081,53.30304
"RN00180","nest",NA,NA,NA,NA,NA
"RN00181","birth","March",1974,638,5.081,53.30304
"RN00181","nest",NA,NA,NA,NA,NA
"RN00182","birth","April",1973,1018,5.069736,53.30153
"RN00182","nest",NA,NA,NA,NA,NA
"RN00183","birth","April",1973,1018,5.069736,53.30153
"RN00183","nest",NA,NA,NA,NA,NA
"RN00184","birth","April",1973,1018,5.069736,53.30153
"RN00184","nest",NA,NA,NA,NA,NA
"RN00185","birth","July",1972,306,5.023104,53.28443
"RN00185","nest",NA,NA,NA,NA,NA
"RN00186","birth","July",1972,306,5.023104,53.28443
"RN00186","nest",NA,NA,NA,NA,NA
"RN00187","birth","July",1972,306,5.023104,53.28443
"RN00187","nest",NA,NA,NA,NA,NA
"RN00188","birth","June",1972,634,5.0785,53.29942
"RN00188","nest",NA,NA,NA,NA,NA
"RN00189","birth","June",1972,634,5.0785,53.29942
"RN00189","nest",NA,NA,NA,NA,NA
"RN00190","birth","June",1972,634,5.0785,53.29942
"RN00190","nest",NA,NA,NA,NA,NA
"RN00191","birth","July",1973,587,5.056053,53.30052
"RN00191","nest",NA,NA,NA,NA,NA
"RN00192","birth","July",1973,587,5.056053,53.30052
"RN00192","nest",NA,NA,NA,NA,NA
"RN00193","birth","July",1973,587,5.056053,53.30052
"RN00193","nest",NA,NA,NA,NA,NA
"RN00194","birth","June",1973,858,5.058731,53.29604
"RN00194","nest","March",1984,470,5.06618,53.3002
"RN00194","nest","May",1984,310,5.024732,53.28417
"RN00194","nest","May",1984,661,5.056512,53.29445
"RN00194","nest","March",1985,1030,5.0757,53.30472
"RN00194","nest",NA,NA,NA,NA,NA
"RN00195","birth","June",1973,858,5.058731,53.29604
"RN00195","nest",NA,NA,NA,NA,NA
"RN00196","birth","June",1973,858,5.058731,53.29604
"RN00196","nest",NA,NA,NA,NA,NA
"RN00197","birth","March",1974,566,5.0793,53.30346
"RN00197","nest",NA,NA,NA,NA,NA
"RN00198","birth","March",1974,566,5.0793,53.30346
"RN00198","nest",NA,NA,NA,NA,NA
"RN00199","birth","March",1974,566,5.0793,53.30346
"RN00199","nest","April",1983,444,5.056133,53.30078
"RN00199","nest","May",1984,615,5.0808,53.30266
"RN00199","nest","April",1984,119,4.996602,53.27549
"RN00199","nest","April",1984,106,4.997076,53.27551
"RN00199","nest",NA,NA,NA,NA,NA
"RN00200","birth","July",1973,102,4.995656,53.27459
"RN00200","nest",NA,NA,NA,NA,NA
"RN00201","birth","July",1973,102,4.995656,53.27459
"RN00201","nest",NA,NA,NA,NA,NA
"RN00202","birth","July",1973,102,4.995656,53.27459
"RN00202","nest","June",2013,509,5.046622,53.29453
"RN00202","nest","April",2014,118,4.995247,53.27466
"RN00202","nest","July",2014,523,5.0792,53.30367
"RN00202","nest","March",2015,217,5.016006,53.28009
"RN00202","nest",NA,NA,NA,NA,NA
"RN00203","birth","June",1973,566,5.0793,53.30346
"RN00203","nest",NA,NA,NA,NA,NA
"RN00204","birth","June",1973,566,5.0793,53.30346
"RN00204","nest",NA,NA,NA,NA,NA
"RN00205","birth","June",1973,566,5.0793,53.30346
"RN00205","nest",NA,NA,NA,NA,NA
"RN00206","birth","June",1974,108,4.999194,53.27405
"RN00206","nest",NA,NA,NA,NA,NA
"RN00207","birth","June",1974,108,4.999194,53.27405
"RN00207","nest",NA,NA,NA,NA,NA
"RN00208","birth","June",1974,108,4.999194,53.27405
"RN00208","nest",NA,NA,NA,NA,NA
"RN00209","birth","March",1973,667,5.052337,53.2954
"RN00209","nest",NA,NA,NA,NA,NA
"RN00210","birth","March",1973,667,5.052337,53.2954
"RN00210","nest",NA,NA,NA,NA,NA
"RN00211","birth","March",1973,667,5.052337,53.2954
"RN00211","nest",NA,NA,NA,NA,NA
"RN00212","birth","May",1974,648,5.0699,53.29971
"RN00212","nest",NA,NA,NA,NA,NA
"RN00213","birth","May",1974,648,5.0699,53.29971
"RN00213","nest",NA,NA,NA,NA,NA
"RN00214","birth","May",1974,648,5.0699,53.29971
"RN00214","nest",NA,NA,NA,NA,NA
"RN00215","birth","March",1973,663,5.0533,53.29186
"RN00215","nest","March",1983,699,5.046331,53.29174
"RN00215","nest","May",1984,871,5.0846,53.29787
"RN00215","nest","May",1984,214,5.014016,53.2795
"RN00215","nest","March",1985,35,4.987165,53.27298
"RN00215","nest",NA,NA,NA,NA,NA
"RN00216","birth","March",1973,663,5.0533,53.29186
"RN00216","nest",NA,NA,NA,NA,NA
"RN00217","birth","March",1973,663,5.0533,53.29186
"RN00217","nest",NA,NA,NA,NA,NA
"RN00218","birth","March",1973,454,5.048339,53.29643
"RN00218","nest",NA,NA,NA,NA,NA
"RN00219","birth","March",1973,454,5.048339,53.29643
"RN00219","nest",NA,NA,NA,NA,NA
"RN00220","birth","March",1973,454,5.048339,53.29643
"RN00220","nest",NA,NA,NA,NA,NA
"RN00221","birth","June",1972,482,5.060695,53.30138
"RN00221","nest",NA,NA,NA,NA,NA
"RN00222","birth","June",1972,482,5.060695,53.30138
"RN00222","nest",NA,NA,NA,NA,NA
"RN00223","birth","June",1972,482,5.060695,53.30138
"RN00223","nest",NA,NA,NA,NA,NA
"RN00224","birth","June",1972,679,5.0615,53.30026
"RN00224","nest",NA,NA,NA,NA,NA
"RN00225","birth","June",1972,679,5.0615,53.30026
"RN00225","nest",NA,NA,NA,NA,NA
"RN00226","birth","June",1972,679,5.0615,53.30026
"RN00226","nest",NA,NA,NA,NA,NA
"RN00227","birth","March",1972,114,4.997665,53.2755
"RN00227","nest","June",1983,310,5.024732,53.28417
"RN00227","nest","March",1983,428,5.068413,53.30249
"RN00227","nest","June",1984,222,5.012417,53.28061
"RN00227","nest","March",1985,1010,5.066887,53.30241
"RN00227","nest",NA,NA,NA,NA,NA
"RN00228","birth","March",1972,114,4.997665,53.2755
"RN00228","nest",NA,NA,NA,NA,NA
"RN00229","birth","March",1972,114,4.997665,53.2755
"RN00229","nest",NA,NA,NA,NA,NA
"RN00230","birth","March",1973,601,5.0763,53.3044
"RN00230","nest",NA,NA,NA,NA,NA
"RN00231","birth","March",1973,601,5.0763,53.3044
"RN00231","nest",NA,NA,NA,NA,NA
"RN00232","birth","March",1973,601,5.0763,53.3044
"RN00232","nest",NA,NA,NA,NA,NA
"RN00233","birth","June",1974,241,5.016071,53.27917
"RN00233","nest",NA,NA,NA,NA,NA
"RN00234","birth","June",1974,241,5.016071,53.27917
"RN00234","nest",NA,NA,NA,NA,NA
"RN00235","birth","June",1974,241,5.016071,53.27917
"RN00235","nest",NA,NA,NA,NA,NA
"RN00236","birth","July",1972,691,5.082373,53.30225
"RN00236","nest","July",2015,402,5.078,53.29759
"RN00236","nest","July",2015,587,5.056053,53.30052
"RN00236","nest","May",2016,932,5.04857,53.30064
"RN00236","nest","June",2017,482,5.060695,53.30138
"RN00236","nest",NA,NA,NA,NA,NA
"RN00237","birth","July",1972,691,5.082373,53.30225
"RN00237","nest",NA,NA,NA,NA,NA
"RN00238","birth","July",1972,691,5.082373,53.30225
"RN00238","nest",NA,NA,NA,NA,NA
"RN00239","birth","July",1972,240,5.015945,53.28043
"RN00239","nest",NA,NA,NA,NA,NA
"RN00240","birth","July",1972,240,5.015945,53.28043
"RN00240","nest",NA,NA,NA,NA,NA
"RN00241","birth","July",1972,240,5.015945,53.28043
"RN00241","nest",NA,NA,NA,NA,NA
"RN00242","birth","April",1985,472,5.0736,53.3022
"RN00242","nest",NA,NA,NA,NA,NA
"RN00243","birth","April",1985,472,5.0736,53.3022
"RN00243","nest",NA,NA,NA,NA,NA
"RN00244","birth","April",1985,472,5.0736,53.3022
"RN00244","nest",NA,NA,NA,NA,NA
"RN00245","birth","March",1984,601,5.0763,53.3044
"RN00245","nest",NA,NA,NA,NA,NA
"RN00246","birth","March",1984,601,5.0763,53.3044
"RN00246","nest",NA,NA,NA,NA,NA
"RN00247","birth","March",1984,601,5.0763,53.3044
"RN00247","nest",NA,NA,NA,NA,NA
"RN00248","birth","May",1985,1018,5.069736,53.30153
"RN00248","nest",NA,NA,NA,NA,NA
"RN00249","birth","May",1985,1018,5.069736,53.30153
"RN00249","nest",NA,NA,NA,NA,NA
"RN00250","birth","May",1985,1018,5.069736,53.30153
"RN00250","nest",NA,NA,NA,NA,NA
"RN00251","birth","March",1985,330,5.031643,53.28124
"RN00251","nest",NA,NA,NA,NA,NA
"RN00252","birth","March",1985,330,5.031643,53.28124
"RN00252","nest",NA,NA,NA,NA,NA
"RN00253","birth","March",1985,330,5.031643,53.28124
"RN00253","nest",NA,NA,NA,NA,NA
"RN00254","birth","March",1984,470,5.06618,53.3002
"RN00254","nest",NA,NA,NA,NA,NA
"RN00255","birth","March",1984,470,5.06618,53.3002
"RN00255","nest",NA,NA,NA,NA,NA
"RN00256","birth","March",1984,470,5.06618,53.3002
"RN00256","nest",NA,NA,NA,NA,NA
"RN00257","birth","March",1985,1030,5.0757,53.30472
"RN00257","nest",NA,NA,NA,NA,NA
"RN00258","birth","March",1985,1030,5.0757,53.30472
"RN00258","nest",NA,NA,NA,NA,NA
"RN00259","birth","March",1985,1030,5.0757,53.30472
"RN00259","nest",NA,NA,NA,NA,NA
"RN00260","birth","May",1984,310,5.024732,53.28417
"RN00260","nest",NA,NA,NA,NA,NA
"RN00261","birth","May",1984,310,5.024732,53.28417
"RN00261","nest",NA,NA,NA,NA,NA
"RN00262","birth","May",1984,310,5.024732,53.28417
"RN00262","nest",NA,NA,NA,NA,NA
"RN00263","birth","May",1984,661,5.056512,53.29445
"RN00263","nest",NA,NA,NA,NA,NA
"RN00264","birth","May",1984,661,5.056512,53.29445
"RN00264","nest",NA,NA,NA,NA,NA
"RN00265","birth","May",1984,661,5.056512,53.29445
"RN00265","nest",NA,NA,NA,NA,NA
"RN00266","birth","May",1984,615,5.0808,53.30266
"RN00266","nest",NA,NA,NA,NA,NA
"RN00267","birth","May",1984,615,5.0808,53.30266
"RN00267","nest",NA,NA,NA,NA,NA
"RN00268","birth","May",1984,615,5.0808,53.30266
"RN00268","nest",NA,NA,NA,NA,NA
"RN00269","birth","April",1983,444,5.056133,53.30078
"RN00269","nest",NA,NA,NA,NA,NA
"RN00270","birth","April",1983,444,5.056133,53.30078
"RN00270","nest",NA,NA,NA,NA,NA
"RN00271","birth","April",1983,444,5.056133,53.30078
"RN00271","nest",NA,NA,NA,NA,NA
"RN00272","birth","April",1984,119,4.996602,53.27549
"RN00272","nest",NA,NA,NA,NA,NA
"RN00273","birth","April",1984,119,4.996602,53.27549
"RN00273","nest",NA,NA,NA,NA,NA
"RN00274","birth","April",1984,119,4.996602,53.27549
"RN00274","nest",NA,NA,NA,NA,NA
"RN00275","birth","April",1984,106,4.997076,53.27551
"RN00275","nest",NA,NA,NA,NA,NA
"RN00276","birth","April",1984,106,4.997076,53.27551
"RN00276","nest","March",2015,543,5.060413,53.30134
"RN00276","nest","May",2015,699,5.046331,53.29174
"RN00276","nest","June",2015,218,5.015962,53.28083
"RN00276","nest","March",2017,45,4.980888,53.27078
"RN00276","nest",NA,NA,NA,NA,NA
"RN00277","birth","April",1984,106,4.997076,53.27551
"RN00277","nest","July",1985,475,5.086052,53.29921
"RN00277","nest",NA,NA,NA,NA,NA
"RN00278","birth","July",1984,510,5.047463,53.29634
"RN00278","nest",NA,NA,NA,NA,NA
"RN00279","birth","July",1984,510,5.047463,53.29634
"RN00279","nest",NA,NA,NA,NA,NA
"RN00280","birth","July",1984,510,5.047463,53.29634
"RN00280","nest",NA,NA,NA,NA,NA
"RN00281","birth","April",1985,665,5.0523,53.29269
"RN00281","nest",NA,NA,NA,NA,NA
"RN00282","birth","April",1985,665,5.0523,53.29269
"RN00282","nest",NA,NA,NA,NA,NA
"RN00283","birth","April",1985,665,5.0523,53.29269
"RN00283","nest",NA,NA,NA,NA,NA
"RN00284","birth","March",1983,651,5.0609,53.30053
"RN00284","nest",NA,NA,NA,NA,NA
"RN00285","birth","March",1983,651,5.0609,53.30053
"RN00285","nest",NA,NA,NA,NA,NA
"RN00286","birth","March",1983,651,5.0609,53.30053
"RN00286","nest",NA,NA,NA,NA,NA
"RN00287","birth","June",1983,427,5.067788,53.30452
"RN00287","nest",NA,NA,NA,NA,NA
"RN00288","birth","June",1983,427,5.067788,53.30452
"RN00288","nest",NA,NA,NA,NA,NA
"RN00289","birth","June",1983,427,5.067788,53.30452
"RN00289","nest",NA,NA,NA,NA,NA
"RN00290","birth","May",1984,871,5.0846,53.29787
"RN00290","nest",NA,NA,NA,NA,NA
"RN00291","birth","May",1984,871,5.0846,53.29787
"RN00291","nest",NA,NA,NA,NA,NA
"RN00292","birth","May",1984,871,5.0846,53.29787
"RN00292","nest",NA,NA,NA,NA,NA
"RN00293","birth","March",1983,699,5.046331,53.29174
"RN00293","nest",NA,NA,NA,NA,NA
"RN00294","birth","March",1983,699,5.046331,53.29174
"RN00294","nest",NA,NA,NA,NA,NA
"RN00295","birth","March",1983,699,5.046331,53.29174
"RN00295","nest",NA,NA,NA,NA,NA
"RN00296","birth","May",1984,214,5.014016,53.2795
"RN00296","nest",NA,NA,NA,NA,NA
"RN00297","birth","May",1984,214,5.014016,53.2795
"RN00297","nest",NA,NA,NA,NA,NA
"RN00298","birth","May",1984,214,5.014016,53.2795
"RN00298","nest",NA,NA,NA,NA,NA
"RN00299","birth","March",1985,35,4.987165,53.27298
"RN00299","nest",NA,NA,NA,NA,NA
"RN00300","birth","March",1985,35,4.987165,53.27298
"RN00300","nest",NA,NA,NA,NA,NA
"RN00301","birth","March",1985,35,4.987165,53.27298
"RN00301","nest",NA,NA,NA,NA,NA
"RN00302","birth","March",1985,1010,5.066887,53.30241
"RN00302","nest",NA,NA,NA,NA,NA
"RN00303","birth","March",1985,1010,5.066887,53.30241
"RN00303","nest",NA,NA,NA,NA,NA
"RN00304","birth","March",1985,1010,5.066887,53.30241
"RN00304","nest",NA,NA,NA,NA,NA
"RN00305","birth","June",1983,310,5.024732,53.28417
"RN00305","nest",NA,NA,NA,NA,NA
"RN00306","birth","June",1983,310,5.024732,53.28417
"RN00306","nest",NA,NA,NA,NA,NA
"RN00307","birth","June",1983,310,5.024732,53.28417
"RN00307","nest",NA,NA,NA,NA,NA
"RN00308","birth","June",1984,222,5.012417,53.28061
"RN00308","nest",NA,NA,NA,NA,NA
"RN00309","birth","June",1984,222,5.012417,53.28061
"RN00309","nest","March",2013,6,4.976952,53.27027
"RN00309","nest","May",2014,217,5.016006,53.28009
"RN00309","nest","April",2015,520,5.074242,53.30421
"RN00309","nest","April",2015,429,5.0647,53.3031
"RN00309","nest",NA,NA,NA,NA,NA
"RN00310","birth","June",1984,222,5.012417,53.28061
"RN00310","nest",NA,NA,NA,NA,NA
"RN00311","birth","March",1983,428,5.068413,53.30249
"RN00311","nest",NA,NA,NA,NA,NA
"RN00312","birth","March",1983,428,5.068413,53.30249
"RN00312","nest",NA,NA,NA,NA,NA
"RN00313","birth","March",1983,428,5.068413,53.30249
"RN00313","nest",NA,NA,NA,NA,NA
"RN00314","birth","March",1983,34,4.984582,53.27206
"RN00314","nest",NA,NA,NA,NA,NA
"RN00315","birth","March",1983,34,4.984582,53.27206
"RN00315","nest",NA,NA,NA,NA,NA
"RN00316","birth","March",1983,34,4.984582,53.27206
"RN00316","nest",NA,NA,NA,NA,NA
"RN00317","birth","July",1981,436,5.064523,53.29986
"RN00317","nest",NA,NA,NA,NA,NA
"RN00318","birth","July",1981,436,5.064523,53.29986
"RN00318","nest","March",2015,661,5.056512,53.29445
"RN00318","nest","April",2016,591,5.073971,53.30443
"RN00318","nest","March",2017,630,5.0837,53.29877
"RN00318","nest","May",2017,444,5.056133,53.30078
"RN00318","nest",NA,NA,NA,NA,NA
"RN00319","birth","July",1981,436,5.064523,53.29986
"RN00319","nest",NA,NA,NA,NA,NA
"RN00320","birth","July",1981,471,5.058957,53.30053
"RN00320","nest",NA,NA,NA,NA,NA
"RN00321","birth","July",1981,471,5.058957,53.30053
"RN00321","nest","April",1982,226,5.008192,53.28061
"RN00321","nest","March",1982,1025,5.047545,53.29882
"RN00321","nest","June",1982,520,5.074242,53.30421
"RN00321","nest",NA,NA,NA,NA,NA
"RN00322","birth","July",1981,471,5.058957,53.30053
"RN00322","nest",NA,NA,NA,NA,NA
"RN00323","birth","May",1983,932,5.04857,53.30064
"RN00323","nest",NA,NA,NA,NA,NA
"RN00324","birth","May",1983,932,5.04857,53.30064
"RN00324","nest",NA,NA,NA,NA,NA
"RN00325","birth","May",1983,932,5.04857,53.30064
"RN00325","nest",NA,NA,NA,NA,NA
"RN00326","birth","March",1981,305,5.023843,53.2855
"RN00326","nest",NA,NA,NA,NA,NA
"RN00327","birth","March",1981,305,5.023843,53.2855
"RN00327","nest",NA,NA,NA,NA,NA
"RN00328","birth","March",1981,305,5.023843,53.2855
"RN00328","nest",NA,NA,NA,NA,NA
"RN00329","birth","May",1983,507,5.0473,53.29094
"RN00329","nest",NA,NA,NA,NA,NA
"RN00330","birth","May",1983,507,5.0473,53.29094
"RN00330","nest",NA,NA,NA,NA,NA
"RN00331","birth","May",1983,507,5.0473,53.29094
"RN00331","nest",NA,NA,NA,NA,NA
"RN00332","birth","July",1983,48,4.984663,53.27147
"RN00332","nest",NA,NA,NA,NA,NA
"RN00333","birth","July",1983,48,4.984663,53.27147
"RN00333","nest",NA,NA,NA,NA,NA
"RN00334","birth","July",1983,48,4.984663,53.27147
"RN00334","nest",NA,NA,NA,NA,NA
"RN00335","birth","March",1982,56,4.979887,53.27128
"RN00335","nest",NA,NA,NA,NA,NA
"RN00336","birth","March",1982,56,4.979887,53.27128
"RN00336","nest",NA,NA,NA,NA,NA
"RN00337","birth","March",1982,56,4.979887,53.27128
"RN00337","nest",NA,NA,NA,NA,NA
"RN00338","birth","April",1982,226,5.008192,53.28061
"RN00338","nest",NA,NA,NA,NA,NA
"RN00339","birth","April",1982,226,5.008192,53.28061
"RN00339","nest",NA,NA,NA,NA,NA
"RN00340","birth","April",1982,226,5.008192,53.28061
"RN00340","nest",NA,NA,NA,NA,NA
"RN00341","birth","March",1982,1025,5.047545,53.29882
"RN00341","nest",NA,NA,NA,NA,NA
"RN00342","birth","March",1982,1025,5.047545,53.29882
"RN00342","nest",NA,NA,NA,NA,NA
"RN00343","birth","March",1982,1025,5.047545,53.29882
"RN00343","nest",NA,NA,NA,NA,NA
"RN00344","birth","June",1982,520,5.074242,53.30421
"RN00344","nest",NA,NA,NA,NA,NA
"RN00345","birth","June",1982,520,5.074242,53.30421
"RN00345","nest",NA,NA,NA,NA,NA
"RN00346","birth","June",1982,520,5.074242,53.30421
"RN00346","nest",NA,NA,NA,NA,NA
"RN00347","birth","July",1985,475,5.086052,53.29921
"RN00347","nest",NA,NA,NA,NA,NA
"RN00348","birth","July",1985,475,5.086052,53.29921
"RN00348","nest",NA,NA,NA,NA,NA
"RN00349","birth","July",1985,475,5.086052,53.29921
"RN00349","nest",NA,NA,NA,NA,NA
"RN00350","birth","May",1985,607,5.077774,53.29723
"RN00350","nest",NA,NA,NA,NA,NA
"RN00351","birth","May",1985,607,5.077774,53.29723
"RN00351","nest",NA,NA,NA,NA,NA
"RN00352","birth","May",1985,607,5.077774,53.29723
"RN00352","nest",NA,NA,NA,NA,NA
"RN00353","birth","May",1983,1039,5.0607,53.30278
"RN00353","nest","June",2016,443,5.060432,53.30051
"RN00353","nest","March",2016,456,5.04627,53.29576
"RN00353","nest","March",2016,441,5.0577,53.30052
"RN00353","nest","June",2017,229,5.00771,53.2791
"RN00353","nest",NA,NA,NA,NA,NA
"RN00354","birth","May",1983,1039,5.0607,53.30278
"RN00354","nest",NA,NA,NA,NA,NA
"RN00355","birth","May",1983,1039,5.0607,53.30278
"RN00355","nest",NA,NA,NA,NA,NA
"RN00356","birth","March",1985,427,5.067788,53.30452
"RN00356","nest",NA,NA,NA,NA,NA
"RN00357","birth","March",1985,427,5.067788,53.30452
"RN00357","nest",NA,NA,NA,NA,NA
"RN00358","birth","March",1985,427,5.067788,53.30452
"RN00358","nest",NA,NA,NA,NA,NA
"RN00359","birth","April",1985,525,5.081517,53.30219
"RN00359","nest",NA,NA,NA,NA,NA
"RN00360","birth","April",1985,525,5.081517,53.30219
"RN00360","nest",NA,NA,NA,NA,NA
"RN00361","birth","April",1985,525,5.081517,53.30219
"RN00361","nest",NA,NA,NA,NA,NA
"RN00362","birth","May",1983,535,5.0588,53.29813
"RN00362","nest",NA,NA,NA,NA,NA
"RN00363","birth","May",1983,535,5.0588,53.29813
"RN00363","nest",NA,NA,NA,NA,NA
"RN00364","birth","May",1983,535,5.0588,53.29813
"RN00364","nest",NA,NA,NA,NA,NA
"RN00365","birth","April",1985,49,4.974012,53.27197
"RN00365","nest",NA,NA,NA,NA,NA
"RN00366","birth","April",1985,49,4.974012,53.27197
"RN00366","nest",NA,NA,NA,NA,NA
"RN00367","birth","April",1985,49,4.974012,53.27197
"RN00367","nest",NA,NA,NA,NA,NA
"RN00368","birth","July",1983,488,5.0781,53.30075
"RN00368","nest",NA,NA,NA,NA,NA
"RN00369","birth","July",1983,488,5.0781,53.30075
"RN00369","nest",NA,NA,NA,NA,NA
"RN00370","birth","July",1983,488,5.0781,53.30075
"RN00370","nest",NA,NA,NA,NA,NA
"RN00371","birth","July",1983,22,4.974322,53.2716
"RN00371","nest",NA,NA,NA,NA,NA
"RN00372","birth","July",1983,22,4.974322,53.2716
"RN00372","nest",NA,NA,NA,NA,NA
"RN00373","birth","July",1983,22,4.974322,53.2716
"RN00373","nest",NA,NA,NA,NA,NA
"RN00374","birth","March",2013,6,4.976952,53.27027
"RN00374","nest",NA,NA,NA,NA,NA
"RN00375","birth","March",2013,6,4.976952,53.27027
"RN00375","nest",NA,NA,NA,NA,NA
"RN00376","birth","March",2013,6,4.976952,53.27027
"RN00376","nest",NA,NA,NA,NA,NA
"RN00377","birth","April",2015,520,5.074242,53.30421
"RN00377","nest",NA,NA,NA,NA,NA
"RN00378","birth","April",2015,520,5.074242,53.30421
"RN00378","nest",NA,NA,NA,NA,NA
"RN00379","birth","April",2015,520,5.074242,53.30421
"RN00379","nest",NA,NA,NA,NA,NA
"RN00380","birth","April",2015,429,5.0647,53.3031
"RN00380","nest",NA,NA,NA,NA,NA
"RN00381","birth","April",2015,429,5.0647,53.3031
"RN00381","nest",NA,NA,NA,NA,NA
"RN00382","birth","April",2015,429,5.0647,53.3031
"RN00382","nest",NA,NA,NA,NA,NA
"RN00383","birth","May",2014,217,5.016006,53.28009
"RN00383","nest",NA,NA,NA,NA,NA
"RN00384","birth","May",2014,217,5.016006,53.28009
"RN00384","nest",NA,NA,NA,NA,NA
"RN00385","birth","May",2014,217,5.016006,53.28009
"RN00385","nest",NA,NA,NA,NA,NA
"RN00386","birth","April",2014,118,4.995247,53.27466
"RN00386","nest",NA,NA,NA,NA,NA
"RN00387","birth","April",2014,118,4.995247,53.27466
"RN00387","nest",NA,NA,NA,NA,NA
"RN00388","birth","April",2014,118,4.995247,53.27466
"RN00388","nest",NA,NA,NA,NA,NA
"RN00389","birth","March",2015,217,5.016006,53.28009
"RN00389","nest",NA,NA,NA,NA,NA
"RN00390","birth","March",2015,217,5.016006,53.28009
"RN00390","nest",NA,NA,NA,NA,NA
"RN00391","birth","March",2015,217,5.016006,53.28009
"RN00391","nest",NA,NA,NA,NA,NA
"RN00392","birth","June",2013,509,5.046622,53.29453
"RN00392","nest",NA,NA,NA,NA,NA
"RN00393","birth","June",2013,509,5.046622,53.29453
"RN00393","nest",NA,NA,NA,NA,NA
"RN00394","birth","June",2013,509,5.046622,53.29453
"RN00394","nest",NA,NA,NA,NA,NA
"RN00395","birth","July",2014,523,5.0792,53.30367
"RN00395","nest",NA,NA,NA,NA,NA
"RN00396","birth","July",2014,523,5.0792,53.30367
"RN00396","nest",NA,NA,NA,NA,NA
"RN00397","birth","July",2014,523,5.0792,53.30367
"RN00397","nest",NA,NA,NA,NA,NA
"RN00398","birth","May",2015,118,4.995247,53.27466
"RN00398","nest",NA,NA,NA,NA,NA
"RN00399","birth","May",2015,118,4.995247,53.27466
"RN00399","nest",NA,NA,NA,NA,NA
"RN00400","birth","May",2015,118,4.995247,53.27466
"RN00400","nest",NA,NA,NA,NA,NA
"RN00401","birth","July",2014,24,4.972031,53.27037
"RN00401","nest",NA,NA,NA,NA,NA
"RN00402","birth","July",2014,24,4.972031,53.27037
"RN00402","nest",NA,NA,NA,NA,NA
"RN00403","birth","July",2014,24,4.972031,53.27037
"RN00403","nest",NA,NA,NA,NA,NA
"RN00404","birth","June",2015,221,5.011863,53.28043
"RN00404","nest",NA,NA,NA,NA,NA
"RN00405","birth","June",2015,221,5.011863,53.28043
"RN00405","nest",NA,NA,NA,NA,NA
"RN00406","birth","June",2015,221,5.011863,53.28043
"RN00406","nest",NA,NA,NA,NA,NA
"RN00407","birth","July",2013,666,5.051056,53.29465
"RN00407","nest",NA,NA,NA,NA,NA
"RN00408","birth","July",2013,666,5.051056,53.29465
"RN00408","nest",NA,NA,NA,NA,NA
"RN00409","birth","July",2013,666,5.051056,53.29465
"RN00409","nest",NA,NA,NA,NA,NA
"RN00410","birth","March",2015,668,5.054279,53.29682
"RN00410","nest",NA,NA,NA,NA,NA
"RN00411","birth","March",2015,668,5.054279,53.29682
"RN00411","nest",NA,NA,NA,NA,NA
"RN00412","birth","March",2015,668,5.054279,53.29682
"RN00412","nest",NA,NA,NA,NA,NA
"RN00413","birth","May",2015,208,5.011622,53.27827
"RN00413","nest",NA,NA,NA,NA,NA
"RN00414","birth","May",2015,208,5.011622,53.27827
"RN00414","nest",NA,NA,NA,NA,NA
"RN00415","birth","May",2015,208,5.011622,53.27827
"RN00415","nest",NA,NA,NA,NA,NA
"RN00416","birth","June",2014,1007,5.085,53.30013
"RN00416","nest",NA,NA,NA,NA,NA
"RN00417","birth","June",2014,1007,5.085,53.30013
"RN00417","nest",NA,NA,NA,NA,NA
"RN00418","birth","June",2014,1007,5.085,53.30013
"RN00418","nest","July",2015,230,5.010022,53.27882
"RN00418","nest","July",2015,420,5.0787,53.30307
"RN00418","nest","May",2015,643,5.0669,53.30313
"RN00418","nest","April",2015,1005,5.083,53.29855
"RN00418","nest",NA,NA,NA,NA,NA
"RN00419","birth","July",2013,330,5.031643,53.28124
"RN00419","nest",NA,NA,NA,NA,NA
"RN00420","birth","July",2013,330,5.031643,53.28124
"RN00420","nest",NA,NA,NA,NA,NA
"RN00421","birth","July",2013,330,5.031643,53.28124
"RN00421","nest",NA,NA,NA,NA,NA
"RN00422","birth","June",2015,670,5.05599,53.29957
"RN00422","nest",NA,NA,NA,NA,NA
"RN00423","birth","June",2015,670,5.05599,53.29957
"RN00423","nest",NA,NA,NA,NA,NA
"RN00424","birth","June",2015,670,5.05599,53.29957
"RN00424","nest",NA,NA,NA,NA,NA
"RN00425","birth","June",2015,679,5.0615,53.30026
"RN00425","nest",NA,NA,NA,NA,NA
"RN00426","birth","June",2015,679,5.0615,53.30026
"RN00426","nest",NA,NA,NA,NA,NA
"RN00427","birth","June",2015,679,5.0615,53.30026
"RN00427","nest",NA,NA,NA,NA,NA
"RN00428","birth","March",2015,319,5.02581,53.2863
"RN00428","nest",NA,NA,NA,NA,NA
"RN00429","birth","March",2015,319,5.02581,53.2863
"RN00429","nest",NA,NA,NA,NA,NA
"RN00430","birth","March",2015,319,5.02581,53.2863
"RN00430","nest",NA,NA,NA,NA,NA
"RN00431","birth","June",2017,229,5.00771,53.2791
"RN00431","nest",NA,NA,NA,NA,NA
"RN00432","birth","June",2017,229,5.00771,53.2791
"RN00432","nest",NA,NA,NA,NA,NA
"RN00433","birth","June",2017,229,5.00771,53.2791
"RN00433","nest",NA,NA,NA,NA,NA
"RN00434","birth","June",2016,443,5.060432,53.30051
"RN00434","nest",NA,NA,NA,NA,NA
"RN00435","birth","June",2016,443,5.060432,53.30051
"RN00435","nest",NA,NA,NA,NA,NA
"RN00436","birth","June",2016,443,5.060432,53.30051
"RN00436","nest",NA,NA,NA,NA,NA
"RN00437","birth","March",2016,456,5.04627,53.29576
"RN00437","nest",NA,NA,NA,NA,NA
"RN00438","birth","March",2016,456,5.04627,53.29576
"RN00438","nest",NA,NA,NA,NA,NA
"RN00439","birth","March",2016,456,5.04627,53.29576
"RN00439","nest",NA,NA,NA,NA,NA
"RN00440","birth","March",2016,441,5.0577,53.30052
"RN00440","nest",NA,NA,NA,NA,NA
"RN00441","birth","March",2016,441,5.0577,53.30052
"RN00441","nest",NA,NA,NA,NA,NA
"RN00442","birth","March",2016,441,5.0577,53.30052
"RN00442","nest",NA,NA,NA,NA,NA
"RN00443","birth","May",2017,590,5.070869,53.30404
"RN00443","nest",NA,NA,NA,NA,NA
"RN00444","birth","May",2017,590,5.070869,53.30404
"RN00444","nest",NA,NA,NA,NA,NA
"RN00445","birth","May",2017,590,5.070869,53.30404
"RN00445","nest",NA,NA,NA,NA,NA
"RN00446","birth","April",2017,414,5.0796,53.30133
"RN00446","nest",NA,NA,NA,NA,NA
"RN00447","birth","April",2017,414,5.0796,53.30133
"RN00447","nest",NA,NA,NA,NA,NA
"RN00448","birth","April",2017,414,5.0796,53.30133
"RN00448","nest",NA,NA,NA,NA,NA
"RN00449","birth","May",2016,540,5.046433,53.29785
"RN00449","nest",NA,NA,NA,NA,NA
"RN00450","birth","May",2016,540,5.046433,53.29785
"RN00450","nest",NA,NA,NA,NA,NA
"RN00451","birth","May",2016,540,5.046433,53.29785
"RN00451","nest",NA,NA,NA,NA,NA
"RN00452","birth","March",2016,649,5.0639,53.29893
"RN00452","nest",NA,NA,NA,NA,NA
"RN00453","birth","March",2016,649,5.0639,53.29893
"RN00453","nest",NA,NA,NA,NA,NA
"RN00454","birth","March",2016,649,5.0639,53.29893
"RN00454","nest",NA,NA,NA,NA,NA
"RN00455","birth","April",2016,591,5.073971,53.30443
"RN00455","nest",NA,NA,NA,NA,NA
"RN00456","birth","April",2016,591,5.073971,53.30443
"RN00456","nest",NA,NA,NA,NA,NA
"RN00457","birth","April",2016,591,5.073971,53.30443
"RN00457","nest",NA,NA,NA,NA,NA
"RN00458","birth","March",2017,630,5.0837,53.29877
"RN00458","nest",NA,NA,NA,NA,NA
"RN00459","birth","March",2017,630,5.0837,53.29877
"RN00459","nest",NA,NA,NA,NA,NA
"RN00460","birth","March",2017,630,5.0837,53.29877
"RN00460","nest",NA,NA,NA,NA,NA
"RN00461","birth","May",2017,444,5.056133,53.30078
"RN00461","nest",NA,NA,NA,NA,NA
"RN00462","birth","May",2017,444,5.056133,53.30078
"RN00462","nest",NA,NA,NA,NA,NA
"RN00463","birth","May",2017,444,5.056133,53.30078
"RN00463","nest",NA,NA,NA,NA,NA
"RN00464","birth","March",2015,661,5.056512,53.29445
"RN00464","nest",NA,NA,NA,NA,NA
"RN00465","birth","March",2015,661,5.056512,53.29445
"RN00465","nest",NA,NA,NA,NA,NA
"RN00466","birth","March",2015,661,5.056512,53.29445
"RN00466","nest",NA,NA,NA,NA,NA
"RN00467","birth","July",2015,402,5.078,53.29759
"RN00467","nest",NA,NA,NA,NA,NA
"RN00468","birth","July",2015,402,5.078,53.29759
"RN00468","nest",NA,NA,NA,NA,NA
"RN00469","birth","July",2015,402,5.078,53.29759
"RN00469","nest",NA,NA,NA,NA,NA
"RN00470","birth","June",2017,482,5.060695,53.30138
"RN00470","nest",NA,NA,NA,NA,NA
"RN00471","birth","June",2017,482,5.060695,53.30138
"RN00471","nest",NA,NA,NA,NA,NA
"RN00472","birth","June",2017,482,5.060695,53.30138
"RN00472","nest",NA,NA,NA,NA,NA
"RN00473","birth","July",2015,587,5.056053,53.30052
"RN00473","nest",NA,NA,NA,NA,NA
"RN00474","birth","July",2015,587,5.056053,53.30052
"RN00474","nest",NA,NA,NA,NA,NA
"RN00475","birth","July",2015,587,5.056053,53.30052
"RN00475","nest",NA,NA,NA,NA,NA
"RN00476","birth","May",2016,932,5.04857,53.30064
"RN00476","nest",NA,NA,NA,NA,NA
"RN00477","birth","May",2016,932,5.04857,53.30064
"RN00477","nest",NA,NA,NA,NA,NA
"RN00478","birth","May",2016,932,5.04857,53.30064
"RN00478","nest",NA,NA,NA,NA,NA
"RN00479","birth","July",2015,230,5.010022,53.27882
"RN00479","nest",NA,NA,NA,NA,NA
"RN00480","birth","July",2015,230,5.010022,53.27882
"RN00480","nest",NA,NA,NA,NA,NA
"RN00481","birth","July",2015,230,5.010022,53.27882
"RN00481","nest",NA,NA,NA,NA,NA
"RN00482","birth","July",2015,420,5.0787,53.30307
"RN00482","nest",NA,NA,NA,NA,NA
"RN00483","birth","July",2015,420,5.0787,53.30307
"RN00483","nest",NA,NA,NA,NA,NA
"RN00484","birth","July",2015,420,5.0787,53.30307
"RN00484","nest",NA,NA,NA,NA,NA
"RN00485","birth","May",2015,643,5.0669,53.30313
"RN00485","nest",NA,NA,NA,NA,NA
"RN00486","birth","May",2015,643,5.0669,53.30313
"RN00486","nest",NA,NA,NA,NA,NA
"RN00487","birth","May",2015,643,5.0669,53.30313
"RN00487","nest",NA,NA,NA,NA,NA
"RN00488","birth","April",2015,1005,5.083,53.29855
"RN00488","nest",NA,NA,NA,NA,NA
"RN00489","birth","April",2015,1005,5.083,53.29855
"RN00489","nest",NA,NA,NA,NA,NA
"RN00490","birth","April",2015,1005,5.083,53.29855
"RN00490","nest",NA,NA,NA,NA,NA
"RN00491","birth","March",2015,543,5.060413,53.30134
"RN00491","nest",NA,NA,NA,NA,NA
"RN00492","birth","March",2015,543,5.060413,53.30134
"RN00492","nest",NA,NA,NA,NA,NA
"RN00493","birth","March",2015,543,5.060413,53.30134
"RN00493","nest",NA,NA,NA,NA,NA
"RN00494","birth","March",2017,45,4.980888,53.27078
"RN00494","nest",NA,NA,NA,NA,NA
"RN00495","birth","March",2017,45,4.980888,53.27078
"RN00495","nest",NA,NA,NA,NA,NA
"RN00496","birth","March",2017,45,4.980888,53.27078
"RN00496","nest",NA,NA,NA,NA,NA
"RN00497","birth","May",2015,699,5.046331,53.29174
"RN00497","nest",NA,NA,NA,NA,NA
"RN00498","birth","May",2015,699,5.046331,53.29174
"RN00498","nest",NA,NA,NA,NA,NA
"RN00499","birth","May",2015,699,5.046331,53.29174
"RN00499","nest",NA,NA,NA,NA,NA
"RN00500","birth","June",2015,218,5.015962,53.28083
"RN00500","nest",NA,NA,NA,NA,NA
"RN00501","birth","June",2015,218,5.015962,53.28083
"RN00501","nest",NA,NA,NA,NA,NA
"RN00502","birth","June",2015,218,5.015962,53.28083
"RN00502","nest",NA,NA,NA,NA,NA
"RN00505","birth","March",1968,NA,NA,NA
"RN00505","nest","July",1969,587,5.056053,53.30052
"RN00505","nest","July",1971,527,5.072,53.30027
"RN00505","nest","March",1971,301,5.029538,53.28306
"RN00505","nest","March",1971,1002,5.0807,53.29823
"RN00505","nest",NA,NA,NA,NA,NA
"RN00506","birth","May",1979,NA,NA,NA
"RN00506","nest","May",1980,440,5.0598,53.29937
"RN00506","nest","March",1982,1004,5.0825,53.29902
"RN00506","nest","June",1982,452,5.051362,53.29734
"RN00506","nest","April",1982,480,5.057952,53.30116
"RN00506","nest","June",1997,1005,5.083,53.29855
"RN00506","nest","March",1997,590,5.070869,53.30404
"RN00506","nest","March",1998,335,5.029364,53.28541
"RN00506","nest","April",1998,417,5.076542,53.30062
"RN00506","nest",NA,NA,NA,NA,NA
"RN00507","birth","July",2023,NA,NA,NA
"RN00507","nest","March",2024,325,5.029233,53.28553
"RN00507","nest","June",2024,630,5.0837,53.29877
"RN00507","nest","March",2025,871,5.0846,53.29787
"RN00507","nest","May",2025,7,4.977695,53.2703
"RN00507","nest",NA,NA,NA,NA,NA
"RN00508","birth","June",2011,NA,NA,NA
"RN00508","nest","April",2012,111,4.998843,53.27479
"RN00508","nest","June",2012,671,5.0519,53.29961
"RN00508","nest","July",2014,457,5.046745,53.29718
"RN00508","nest","March",2014,871,5.0846,53.29787
"RN00508","nest",NA,NA,NA,NA,NA
"RN00509","birth","April",1963,NA,NA,NA
"RN00509","nest","June",1964,453,5.049744,53.29689
"RN00509","nest","July",1964,664,5.0487,53.29024
"RN00509","nest","July",1966,46,4.974364,53.26909
"RN00509","nest","April",1966,618,5.07708,53.30105
"RN00509","nest",NA,NA,NA,NA,NA
"RN00510","birth","July",1980,NA,NA,NA
"RN00510","nest","March",1981,319,5.02581,53.2863
"RN00510","nest","April",1981,321,5.028995,53.28528
"RN00510","nest","June",1981,637,5.079233,53.3028
"RN00510","nest","May",1983,31,4.974064,53.27081
"RN00510","nest",NA,NA,NA,NA,NA
"RN00511","birth","March",1961,NA,NA,NA
"RN00511","nest","June",1964,453,5.049744,53.29689
"RN00511","nest","July",1964,664,5.0487,53.29024
"RN00511","nest","July",1966,46,4.974364,53.26909
"RN00511","nest","April",1966,618,5.07708,53.30105
"RN00511","nest","July",1969,587,5.056053,53.30052
"RN00511","nest","July",1971,527,5.072,53.30027
"RN00511","nest","March",1971,301,5.029538,53.28306
"RN00511","nest","March",1971,1002,5.0807,53.29823
"RN00511","nest",NA,NA,NA,NA,NA
"RN00512","birth","March",1996,NA,NA,NA
"RN00512","nest","June",1997,1005,5.083,53.29855
"RN00512","nest","March",1997,590,5.070869,53.30404
"RN00512","nest","March",1998,335,5.029364,53.28541
"RN00512","nest","April",1998,417,5.076542,53.30062
"RN00512","nest",NA,NA,NA,NA,NA
"RN00513","birth","April",1963,NA,NA,NA
"RN00513","nest","June",1965,211,5.011264,53.27929
"RN00513","nest","April",1966,412,5.0855,53.29991
"RN00513","nest","July",1971,607,5.077774,53.29723
"RN00513","nest","March",1972,307,5.02588,53.28455
"RN00513","nest","April",1972,230,5.010022,53.27882
"RN00513","nest","March",1972,425,5.0724,53.30382
"RN00513","nest",NA,NA,NA,NA,NA
"RN00514","birth","May",1990,NA,NA,NA
"RN00514","nest","July",1991,325,5.029233,53.28553
"RN00514","nest","May",1992,1013,5.068421,53.30359
"RN00514","nest","April",1992,471,5.058957,53.30053
"RN00514","nest","June",1993,305,5.023843,53.2855
"RN00514","nest",NA,NA,NA,NA,NA
"RN00515","birth","July",1969,587,5.056053,53.30052
"RN00515","nest","July",1971,607,5.077774,53.29723
"RN00515","nest","March",1972,307,5.02588,53.28455
"RN00515","nest","April",1972,230,5.010022,53.27882
"RN00515","nest","March",1972,425,5.0724,53.30382
"RN00515","nest",NA,NA,NA,NA,NA
"RN00516","birth","July",1969,587,5.056053,53.30052
"RN00516","nest","June",1970,480,5.057952,53.30116
"RN00516","nest","April",1971,520,5.074242,53.30421
"RN00516","nest","May",1971,1011,5.065953,53.30346
"RN00516","nest","June",1972,326,5.026652,53.28618
"RN00516","nest",NA,NA,NA,NA,NA
"RN00517","birth","July",1969,587,5.056053,53.30052
"RN00517","nest","June",1970,1011,5.065953,53.30346
"RN00517","nest","July",1970,1002,5.0807,53.29823
"RN00517","nest","June",1971,535,5.0588,53.29813
"RN00517","nest","June",1972,123,5.002703,53.27549
"RN00517","nest",NA,NA,NA,NA,NA
"RN00518","birth","July",1971,527,5.072,53.30027
"RN00518","nest","May",1972,311,5.025332,53.28372
"RN00518","nest","March",1972,30,4.973614,53.27004
"RN00518","nest","May",1973,516,5.0631,53.30295
"RN00518","nest","March",1973,423,5.070919,53.30112
"RN00518","nest",NA,NA,NA,NA,NA
"RN00519","birth","July",1971,527,5.072,53.30027
"RN00519","nest","June",1973,770,5.0781,53.29695
"RN00519","nest","April",1974,412,5.0855,53.29991
"RN00519","nest","May",1974,518,5.071104,53.30264
"RN00519","nest",NA,NA,NA,NA,NA
"RN00520","birth","July",1971,527,5.072,53.30027
"RN00520","nest","June",1974,504,5.0825,53.30167
"RN00520","nest","May",1974,1001,5.0797,53.29759
"RN00520","nest","May",1974,240,5.015945,53.28043
"RN00520","nest","March",1974,638,5.081,53.30304
"RN00520","nest",NA,NA,NA,NA,NA
"RN00521","birth","March",1971,301,5.029538,53.28306
"RN00521","nest","July",1972,306,5.023104,53.28443
"RN00521","nest","June",1972,634,5.0785,53.29942
"RN00521","nest","April",1973,1018,5.069736,53.30153
"RN00521","nest","July",1973,587,5.056053,53.30052
"RN00521","nest",NA,NA,NA,NA,NA
"RN00522","birth","March",1971,301,5.029538,53.28306
"RN00522","nest","June",1973,858,5.058731,53.29604
"RN00522","nest","July",1973,102,4.995656,53.27459
"RN00522","nest","June",1973,566,5.0793,53.30346
"RN00522","nest","March",1974,566,5.0793,53.30346
"RN00522","nest","April",2012,111,4.998843,53.27479
"RN00522","nest","June",2012,671,5.0519,53.29961
"RN00522","nest","July",2014,457,5.046745,53.29718
"RN00522","nest","March",2014,871,5.0846,53.29787
"RN00522","nest",NA,NA,NA,NA,NA
"RN00523","birth","March",1971,301,5.029538,53.28306
"RN00523","nest","June",1974,504,5.0825,53.30167
"RN00523","nest","May",1974,1001,5.0797,53.29759
"RN00523","nest","May",1974,240,5.015945,53.28043
"RN00523","nest","March",1974,638,5.081,53.30304
"RN00523","nest",NA,NA,NA,NA,NA
"RN00524","birth","March",1971,1002,5.0807,53.29823
"RN00524","nest","March",1973,667,5.052337,53.2954
"RN00524","nest","March",1973,663,5.0533,53.29186
"RN00524","nest","June",1974,108,4.999194,53.27405
"RN00524","nest","May",1974,648,5.0699,53.29971
"RN00524","nest",NA,NA,NA,NA,NA
"RN00525","birth","March",1971,1002,5.0807,53.29823
"RN00525","nest","June",1972,482,5.060695,53.30138
"RN00525","nest","June",1972,679,5.0615,53.30026
"RN00525","nest","March",1972,114,4.997665,53.2755
"RN00525","nest","March",1973,454,5.048339,53.29643
"RN00525","nest","May",1980,440,5.0598,53.29937
"RN00525","nest","March",1982,1004,5.0825,53.29902
"RN00525","nest","June",1982,452,5.051362,53.29734
"RN00525","nest","April",1982,480,5.057952,53.30116
"RN00525","nest",NA,NA,NA,NA,NA
"RN00526","birth","March",1971,1002,5.0807,53.29823
"RN00526","nest","July",1972,691,5.082373,53.30225
"RN00526","nest","July",1972,240,5.015945,53.28043
"RN00526","nest","March",1973,601,5.0763,53.3044
"RN00526","nest","June",1974,241,5.016071,53.27917
"RN00526","nest",NA,NA,NA,NA,NA
"RN00527","birth","March",1982,1004,5.0825,53.29902
"RN00527","nest","March",1984,601,5.0763,53.3044
"RN00527","nest","April",1985,472,5.0736,53.3022
"RN00527","nest","May",1985,1018,5.069736,53.30153
"RN00527","nest","March",1985,330,5.031643,53.28124
"RN00527","nest",NA,NA,NA,NA,NA
"RN00528","birth","March",1982,1004,5.0825,53.29902
"RN00528","nest","March",1984,470,5.06618,53.3002
"RN00528","nest","May",1984,310,5.024732,53.28417
"RN00528","nest","May",1984,661,5.056512,53.29445
"RN00528","nest","March",1985,1030,5.0757,53.30472
"RN00528","nest",NA,NA,NA,NA,NA
"RN00529","birth","March",1982,1004,5.0825,53.29902
"RN00529","nest","April",1983,444,5.056133,53.30078
"RN00529","nest","May",1984,615,5.0808,53.30266
"RN00529","nest","April",1984,119,4.996602,53.27549
"RN00529","nest","April",1984,106,4.997076,53.27551
"RN00529","nest","March",2024,325,5.029233,53.28553
"RN00529","nest","June",2024,630,5.0837,53.29877
"RN00529","nest","March",2025,871,5.0846,53.29787
"RN00529","nest","May",2025,7,4.977695,53.2703
"RN00529","nest",NA,NA,NA,NA,NA
"RN00530","birth","June",1982,452,5.051362,53.29734
"RN00530","nest","March",1983,651,5.0609,53.30053
"RN00530","nest","June",1983,427,5.067788,53.30452
"RN00530","nest","July",1984,510,5.047463,53.29634
"RN00530","nest","April",1985,665,5.0523,53.29269
"RN00530","nest",NA,NA,NA,NA,NA
"RN00531","birth","June",1982,452,5.051362,53.29734
"RN00531","nest","March",1983,699,5.046331,53.29174
"RN00531","nest","May",1984,871,5.0846,53.29787
"RN00531","nest","May",1984,214,5.014016,53.2795
"RN00531","nest","March",1985,35,4.987165,53.27298
"RN00531","nest",NA,NA,NA,NA,NA
"RN00532","birth","June",1982,452,5.051362,53.29734
"RN00532","nest",NA,NA,NA,NA,NA
"RN00533","birth","May",1980,440,5.0598,53.29937
"RN00533","nest",NA,NA,NA,NA,NA
"RN00534","birth","May",1980,440,5.0598,53.29937
"RN00534","nest",NA,NA,NA,NA,NA
"RN00535","birth","May",1980,440,5.0598,53.29937
"RN00535","nest","March",1981,319,5.02581,53.2863
"RN00535","nest","April",1981,321,5.028995,53.28528
"RN00535","nest","June",1981,637,5.079233,53.3028
"RN00535","nest","May",1983,31,4.974064,53.27081
"RN00535","nest",NA,NA,NA,NA,NA
"RN00536","birth","April",1982,480,5.057952,53.30116
"RN00536","nest",NA,NA,NA,NA,NA
"RN00537","birth","April",1982,480,5.057952,53.30116
"RN00537","nest",NA,NA,NA,NA,NA
"RN00538","birth","April",1982,480,5.057952,53.30116
"RN00538","nest",NA,NA,NA,NA,NA
"RN00539","birth","March",2025,871,5.0846,53.29787
"RN00539","nest",NA,NA,NA,NA,NA
"RN00540","birth","March",2025,871,5.0846,53.29787
"RN00540","nest",NA,NA,NA,NA,NA
"RN00541","birth","March",2025,871,5.0846,53.29787
"RN00541","nest",NA,NA,NA,NA,NA
"RN00542","birth","March",2024,325,5.029233,53.28553
"RN00542","nest",NA,NA,NA,NA,NA
"RN00543","birth","March",2024,325,5.029233,53.28553
"RN00543","nest",NA,NA,NA,NA,NA
"RN00544","birth","March",2024,325,5.029233,53.28553
"RN00544","nest",NA,NA,NA,NA,NA
"RN00545","birth","May",2025,7,4.977695,53.2703
"RN00545","nest",NA,NA,NA,NA,NA
"RN00546","birth","May",2025,7,4.977695,53.2703
"RN00546","nest",NA,NA,NA,NA,NA
"RN00547","birth","May",2025,7,4.977695,53.2703
"RN00547","nest",NA,NA,NA,NA,NA
"RN00548","birth","June",2024,630,5.0837,53.29877
"RN00548","nest",NA,NA,NA,NA,NA
"RN00549","birth","June",2024,630,5.0837,53.29877
"RN00549","nest",NA,NA,NA,NA,NA
"RN00550","birth","June",2024,630,5.0837,53.29877
"RN00550","nest",NA,NA,NA,NA,NA
"RN00551","birth","April",2012,111,4.998843,53.27479
"RN00551","nest",NA,NA,NA,NA,NA
"RN00552","birth","April",2012,111,4.998843,53.27479
"RN00552","nest",NA,NA,NA,NA,NA
"RN00553","birth","April",2012,111,4.998843,53.27479
"RN00553","nest",NA,NA,NA,NA,NA
"RN00554","birth","June",2012,671,5.0519,53.29961
"RN00554","nest",NA,NA,NA,NA,NA
"RN00555","birth","June",2012,671,5.0519,53.29961
"RN00555","nest",NA,NA,NA,NA,NA
"RN00556","birth","June",2012,671,5.0519,53.29961
"RN00556","nest",NA,NA,NA,NA,NA
"RN00557","birth","July",2014,457,5.046745,53.29718
"RN00557","nest",NA,NA,NA,NA,NA
"RN00558","birth","July",2014,457,5.046745,53.29718
"RN00558","nest",NA,NA,NA,NA,NA
"RN00559","birth","July",2014,457,5.046745,53.29718
"RN00559","nest",NA,NA,NA,NA,NA
"RN00560","birth","March",2014,871,5.0846,53.29787
"RN00560","nest",NA,NA,NA,NA,NA
"RN00561","birth","March",2014,871,5.0846,53.29787
"RN00561","nest",NA,NA,NA,NA,NA
"RN00562","birth","March",2014,871,5.0846,53.29787
"RN00562","nest",NA,NA,NA,NA,NA
"RN00563","birth","June",1964,453,5.049744,53.29689
"RN00563","nest",NA,NA,NA,NA,NA
"RN00564","birth","June",1964,453,5.049744,53.29689
"RN00564","nest",NA,NA,NA,NA,NA
"RN00565","birth","June",1964,453,5.049744,53.29689
"RN00565","nest",NA,NA,NA,NA,NA
"RN00566","birth","July",1966,46,4.974364,53.26909
"RN00566","nest","May",1972,311,5.025332,53.28372
"RN00566","nest","March",1972,30,4.973614,53.27004
"RN00566","nest","May",1973,516,5.0631,53.30295
"RN00566","nest","March",1973,423,5.070919,53.30112
"RN00566","nest",NA,NA,NA,NA,NA
"RN00567","birth","July",1966,46,4.974364,53.26909
"RN00567","nest",NA,NA,NA,NA,NA
"RN00568","birth","July",1966,46,4.974364,53.26909
"RN00568","nest",NA,NA,NA,NA,NA
"RN00569","birth","July",1964,664,5.0487,53.29024
"RN00569","nest",NA,NA,NA,NA,NA
"RN00570","birth","July",1964,664,5.0487,53.29024
"RN00570","nest",NA,NA,NA,NA,NA
"RN00571","birth","July",1964,664,5.0487,53.29024
"RN00571","nest","June",1965,211,5.011264,53.27929
"RN00571","nest","April",1966,412,5.0855,53.29991
"RN00571","nest","March",1983,651,5.0609,53.30053
"RN00571","nest","June",1983,427,5.067788,53.30452
"RN00571","nest","July",1984,510,5.047463,53.29634
"RN00571","nest","April",1985,665,5.0523,53.29269
"RN00571","nest",NA,NA,NA,NA,NA
"RN00572","birth","April",1966,618,5.07708,53.30105
"RN00572","nest",NA,NA,NA,NA,NA
"RN00573","birth","April",1966,618,5.07708,53.30105
"RN00573","nest","June",1972,482,5.060695,53.30138
"RN00573","nest","June",1972,679,5.0615,53.30026
"RN00573","nest","March",1972,114,4.997665,53.2755
"RN00573","nest","March",1973,454,5.048339,53.29643
"RN00573","nest",NA,NA,NA,NA,NA
"RN00574","birth","April",1966,618,5.07708,53.30105
"RN00574","nest",NA,NA,NA,NA,NA
"RN00575","birth","May",1983,31,4.974064,53.27081
"RN00575","nest",NA,NA,NA,NA,NA
"RN00576","birth","May",1983,31,4.974064,53.27081
"RN00576","nest",NA,NA,NA,NA,NA
"RN00577","birth","May",1983,31,4.974064,53.27081
"RN00577","nest",NA,NA,NA,NA,NA
"RN00578","birth","March",1981,319,5.02581,53.2863
"RN00578","nest",NA,NA,NA,NA,NA
"RN00579","birth","March",1981,319,5.02581,53.2863
"RN00579","nest",NA,NA,NA,NA,NA
"RN00580","birth","March",1981,319,5.02581,53.2863
"RN00580","nest",NA,NA,NA,NA,NA
"RN00581","birth","April",1981,321,5.028995,53.28528
"RN00581","nest",NA,NA,NA,NA,NA
"RN00582","birth","April",1981,321,5.028995,53.28528
"RN00582","nest",NA,NA,NA,NA,NA
"RN00583","birth","April",1981,321,5.028995,53.28528
"RN00583","nest",NA,NA,NA,NA,NA
"RN00584","birth","June",1981,637,5.079233,53.3028
"RN00584","nest",NA,NA,NA,NA,NA
"RN00585","birth","June",1981,637,5.079233,53.3028
"RN00585","nest",NA,NA,NA,NA,NA
"RN00586","birth","June",1981,637,5.079233,53.3028
"RN00586","nest",NA,NA,NA,NA,NA
"RN00587","birth","March",1998,335,5.029364,53.28541
"RN00587","nest",NA,NA,NA,NA,NA
"RN00588","birth","March",1998,335,5.029364,53.28541
"RN00588","nest",NA,NA,NA,NA,NA
"RN00589","birth","March",1998,335,5.029364,53.28541
"RN00589","nest",NA,NA,NA,NA,NA
"RN00590","birth","April",1998,417,5.076542,53.30062
"RN00590","nest",NA,NA,NA,NA,NA
"RN00591","birth","April",1998,417,5.076542,53.30062
"RN00591","nest",NA,NA,NA,NA,NA
"RN00592","birth","April",1998,417,5.076542,53.30062
"RN00592","nest",NA,NA,NA,NA,NA
"RN00593","birth","June",1997,1005,5.083,53.29855
"RN00593","nest",NA,NA,NA,NA,NA
"RN00594","birth","June",1997,1005,5.083,53.29855
"RN00594","nest",NA,NA,NA,NA,NA
"RN00595","birth","June",1997,1005,5.083,53.29855
"RN00595","nest",NA,NA,NA,NA,NA
"RN00596","birth","March",1997,590,5.070869,53.30404
"RN00596","nest",NA,NA,NA,NA,NA
"RN00597","birth","March",1997,590,5.070869,53.30404
"RN00597","nest",NA,NA,NA,NA,NA
"RN00598","birth","March",1997,590,5.070869,53.30404
"RN00598","nest",NA,NA,NA,NA,NA
"RN00599","birth","April",1966,412,5.0855,53.29991
"RN00599","nest",NA,NA,NA,NA,NA
"RN00600","birth","April",1966,412,5.0855,53.29991
"RN00600","nest",NA,NA,NA,NA,NA
"RN00601","birth","April",1966,412,5.0855,53.29991
"RN00601","nest","March",1973,667,5.052337,53.2954
"RN00601","nest","March",1973,663,5.0533,53.29186
"RN00601","nest","June",1974,108,4.999194,53.27405
"RN00601","nest","May",1974,648,5.0699,53.29971
"RN00601","nest",NA,NA,NA,NA,NA
"RN00602","birth","June",1965,211,5.011264,53.27929
"RN00602","nest","July",1991,325,5.029233,53.28553
"RN00602","nest","May",1992,1013,5.068421,53.30359
"RN00602","nest","April",1992,471,5.058957,53.30053
"RN00602","nest","June",1993,305,5.023843,53.2855
"RN00602","nest",NA,NA,NA,NA,NA
"RN00603","birth","June",1965,211,5.011264,53.27929
"RN00603","nest","June",1970,1011,5.065953,53.30346
"RN00603","nest","July",1970,1002,5.0807,53.29823
"RN00603","nest","June",1971,535,5.0588,53.29813
"RN00603","nest","June",1972,123,5.002703,53.27549
"RN00603","nest","July",1972,691,5.082373,53.30225
"RN00603","nest","July",1972,240,5.015945,53.28043
"RN00603","nest","March",1973,601,5.0763,53.3044
"RN00603","nest","June",1974,241,5.016071,53.27917
"RN00603","nest",NA,NA,NA,NA,NA
"RN00604","birth","June",1965,211,5.011264,53.27929
"RN00604","nest","June",1970,480,5.057952,53.30116
"RN00604","nest","April",1971,520,5.074242,53.30421
"RN00604","nest","May",1971,1011,5.065953,53.30346
"RN00604","nest","June",1972,326,5.026652,53.28618
"RN00604","nest",NA,NA,NA,NA,NA
"RN00605","birth","May",1992,1013,5.068421,53.30359
"RN00605","nest",NA,NA,NA,NA,NA
"RN00606","birth","May",1992,1013,5.068421,53.30359
"RN00606","nest",NA,NA,NA,NA,NA
"RN00607","birth","May",1992,1013,5.068421,53.30359
"RN00607","nest",NA,NA,NA,NA,NA
"RN00608","birth","April",1992,471,5.058957,53.30053
"RN00608","nest",NA,NA,NA,NA,NA
"RN00609","birth","April",1992,471,5.058957,53.30053
"RN00609","nest",NA,NA,NA,NA,NA
"RN00610","birth","April",1992,471,5.058957,53.30053
"RN00610","nest",NA,NA,NA,NA,NA
"RN00611","birth","July",1991,325,5.029233,53.28553
"RN00611","nest",NA,NA,NA,NA,NA
"RN00612","birth","July",1991,325,5.029233,53.28553
"RN00612","nest",NA,NA,NA,NA,NA
"RN00613","birth","July",1991,325,5.029233,53.28553
"RN00613","nest",NA,NA,NA,NA,NA
"RN00614","birth","June",1993,305,5.023843,53.2855
"RN00614","nest",NA,NA,NA,NA,NA
"RN00615","birth","June",1993,305,5.023843,53.2855
"RN00615","nest",NA,NA,NA,NA,NA
"RN00616","birth","June",1993,305,5.023843,53.2855
"RN00616","nest",NA,NA,NA,NA,NA
"RN00617","birth","March",1972,307,5.02588,53.28455
"RN00617","nest",NA,NA,NA,NA,NA
"RN00618","birth","March",1972,307,5.02588,53.28455
"RN00618","nest",NA,NA,NA,NA,NA
"RN00619","birth","March",1972,307,5.02588,53.28455
"RN00619","nest",NA,NA,NA,NA,NA
"RN00620","birth","July",1971,607,5.077774,53.29723
"RN00620","nest",NA,NA,NA,NA,NA
"RN00621","birth","July",1971,607,5.077774,53.29723
"RN00621","nest",NA,NA,NA,NA,NA
"RN00622","birth","July",1971,607,5.077774,53.29723
"RN00622","nest",NA,NA,NA,NA,NA
"RN00623","birth","April",1972,230,5.010022,53.27882
"RN00623","nest",NA,NA,NA,NA,NA
"RN00624","birth","April",1972,230,5.010022,53.27882
"RN00624","nest",NA,NA,NA,NA,NA
"RN00625","birth","April",1972,230,5.010022,53.27882
"RN00625","nest",NA,NA,NA,NA,NA
"RN00626","birth","March",1972,425,5.0724,53.30382
"RN00626","nest",NA,NA,NA,NA,NA
"RN00627","birth","March",1972,425,5.0724,53.30382
"RN00627","nest","June",1973,858,5.058731,53.29604
"RN00627","nest","July",1973,102,4.995656,53.27459
"RN00627","nest","June",1973,566,5.0793,53.30346
"RN00627","nest","March",1974,566,5.0793,53.30346
"RN00627","nest",NA,NA,NA,NA,NA
"RN00628","birth","March",1972,425,5.0724,53.30382
"RN00628","nest",NA,NA,NA,NA,NA
"RN00629","birth","June",1970,480,5.057952,53.30116
"RN00629","nest",NA,NA,NA,NA,NA
"RN00630","birth","June",1970,480,5.057952,53.30116
"RN00630","nest",NA,NA,NA,NA,NA
"RN00631","birth","June",1970,480,5.057952,53.30116
"RN00631","nest",NA,NA,NA,NA,NA
"RN00632","birth","April",1971,520,5.074242,53.30421
"RN00632","nest",NA,NA,NA,NA,NA
"RN00633","birth","April",1971,520,5.074242,53.30421
"RN00633","nest",NA,NA,NA,NA,NA
"RN00634","birth","April",1971,520,5.074242,53.30421
"RN00634","nest",NA,NA,NA,NA,NA
"RN00635","birth","May",1971,1011,5.065953,53.30346
"RN00635","nest",NA,NA,NA,NA,NA
"RN00636","birth","May",1971,1011,5.065953,53.30346
"RN00636","nest",NA,NA,NA,NA,NA
"RN00637","birth","May",1971,1011,5.065953,53.30346
"RN00637","nest",NA,NA,NA,NA,NA
"RN00638","birth","June",1972,326,5.026652,53.28618
"RN00638","nest",NA,NA,NA,NA,NA
"RN00639","birth","June",1972,326,5.026652,53.28618
"RN00639","nest",NA,NA,NA,NA,NA
"RN00640","birth","June",1972,326,5.026652,53.28618
"RN00640","nest",NA,NA,NA,NA,NA
"RN00641","birth","June",1970,1011,5.065953,53.30346
"RN00641","nest",NA,NA,NA,NA,NA
"RN00642","birth","June",1970,1011,5.065953,53.30346
"RN00642","nest",NA,NA,NA,NA,NA
"RN00643","birth","June",1970,1011,5.065953,53.30346
"RN00643","nest","July",1972,306,5.023104,53.28443
"RN00643","nest","June",1972,634,5.0785,53.29942
"RN00643","nest","April",1973,1018,5.069736,53.30153
"RN00643","nest","July",1973,587,5.056053,53.30052
"RN00643","nest",NA,NA,NA,NA,NA
"RN00644","birth","July",1970,1002,5.0807,53.29823
"RN00644","nest",NA,NA,NA,NA,NA
"RN00645","birth","July",1970,1002,5.0807,53.29823
"RN00645","nest",NA,NA,NA,NA,NA
"RN00646","birth","July",1970,1002,5.0807,53.29823
"RN00646","nest",NA,NA,NA,NA,NA
"RN00647","birth","June",1971,535,5.0588,53.29813
"RN00647","nest",NA,NA,NA,NA,NA
"RN00648","birth","June",1971,535,5.0588,53.29813
"RN00648","nest",NA,NA,NA,NA,NA
"RN00649","birth","June",1971,535,5.0588,53.29813
"RN00649","nest",NA,NA,NA,NA,NA
"RN00650","birth","June",1972,123,5.002703,53.27549
"RN00650","nest","June",1973,770,5.0781,53.29695
"RN00650","nest","April",1974,412,5.0855,53.29991
"RN00650","nest","May",1974,518,5.071104,53.30264
"RN00650","nest",NA,NA,NA,NA,NA
"RN00651","birth","June",1972,123,5.002703,53.27549
"RN00651","nest",NA,NA,NA,NA,NA
"RN00652","birth","June",1972,123,5.002703,53.27549
"RN00652","nest",NA,NA,NA,NA,NA
"RN00653","birth","May",1972,311,5.025332,53.28372
"RN00653","nest",NA,NA,NA,NA,NA
"RN00654","birth","May",1972,311,5.025332,53.28372
"RN00654","nest",NA,NA,NA,NA,NA
"RN00655","birth","May",1972,311,5.025332,53.28372
"RN00655","nest",NA,NA,NA,NA,NA
"RN00656","birth","March",1972,30,4.973614,53.27004
"RN00656","nest",NA,NA,NA,NA,NA
"RN00657","birth","March",1972,30,4.973614,53.27004
"RN00657","nest",NA,NA,NA,NA,NA
"RN00658","birth","March",1972,30,4.973614,53.27004
"RN00658","nest",NA,NA,NA,NA,NA
"RN00659","birth","May",1973,516,5.0631,53.30295
"RN00659","nest",NA,NA,NA,NA,NA
"RN00660","birth","May",1973,516,5.0631,53.30295
"RN00660","nest",NA,NA,NA,NA,NA
"RN00661","birth","May",1973,516,5.0631,53.30295
"RN00661","nest",NA,NA,NA,NA,NA
"RN00662","birth","March",1973,423,5.070919,53.30112
"RN00662","nest",NA,NA,NA,NA,NA
"RN00663","birth","March",1973,423,5.070919,53.30112
"RN00663","nest",NA,NA,NA,NA,NA
"RN00664","birth","March",1973,423,5.070919,53.30112
"RN00664","nest",NA,NA,NA,NA,NA
"RN00665","birth","April",1974,412,5.0855,53.29991
"RN00665","nest",NA,NA,NA,NA,NA
"RN00666","birth","April",1974,412,5.0855,53.29991
"RN00666","nest",NA,NA,NA,NA,NA
"RN00667","birth","April",1974,412,5.0855,53.29991
"RN00667","nest",NA,NA,NA,NA,NA
"RN00668","birth","May",1974,518,5.071104,53.30264
"RN00668","nest",NA,NA,NA,NA,NA
"RN00669","birth","May",1974,518,5.071104,53.30264
"RN00669","nest",NA,NA,NA,NA,NA
"RN00670","birth","May",1974,518,5.071104,53.30264
"RN00670","nest",NA,NA,NA,NA,NA
"RN00671","birth","June",1973,770,5.0781,53.29695
"RN00671","nest",NA,NA,NA,NA,NA
"RN00672","birth","June",1973,770,5.0781,53.29695
"RN00672","nest",NA,NA,NA,NA,NA
"RN00673","birth","June",1973,770,5.0781,53.29695
"RN00673","nest",NA,NA,NA,NA,NA
"RN00674","birth","June",1974,504,5.0825,53.30167
"RN00674","nest",NA,NA,NA,NA,NA
"RN00675","birth","June",1974,504,5.0825,53.30167
"RN00675","nest","March",1984,601,5.0763,53.3044
"RN00675","nest","April",1985,472,5.0736,53.3022
"RN00675","nest","May",1985,1018,5.069736,53.30153
"RN00675","nest","March",1985,330,5.031643,53.28124
"RN00675","nest",NA,NA,NA,NA,NA
"RN00676","birth","June",1974,504,5.0825,53.30167
"RN00676","nest",NA,NA,NA,NA,NA
"RN00677","birth","May",1974,1001,5.0797,53.29759
"RN00677","nest",NA,NA,NA,NA,NA
"RN00678","birth","May",1974,1001,5.0797,53.29759
"RN00678","nest",NA,NA,NA,NA,NA
"RN00679","birth","May",1974,1001,5.0797,53.29759
"RN00679","nest",NA,NA,NA,NA,NA
"RN00680","birth","May",1974,240,5.015945,53.28043
"RN00680","nest",NA,NA,NA,NA,NA
"RN00681","birth","May",1974,240,5.015945,53.28043
"RN00681","nest",NA,NA,NA,NA,NA
"RN00682","birth","May",1974,240,5.015945,53.28043
"RN00682","nest",NA,NA,NA,NA,NA
"RN00683","birth","March",1974,638,5.081,53.30304
"RN00683","nest",NA,NA,NA,NA,NA
"RN00684","birth","March",1974,638,5.081,53.30304
"RN00684","nest",NA,NA,NA,NA,NA
"RN00685","birth","March",1974,638,5.081,53.30304
"RN00685","nest",NA,NA,NA,NA,NA
"RN00686","birth","April",1973,1018,5.069736,53.30153
"RN00686","nest",NA,NA,NA,NA,NA
"RN00687","birth","April",1973,1018,5.069736,53.30153
"RN00687","nest",NA,NA,NA,NA,NA
"RN00688","birth","April",1973,1018,5.069736,53.30153
"RN00688","nest",NA,NA,NA,NA,NA
"RN00689","birth","July",1972,306,5.023104,53.28443
"RN00689","nest",NA,NA,NA,NA,NA
"RN00690","birth","July",1972,306,5.023104,53.28443
"RN00690","nest",NA,NA,NA,NA,NA
"RN00691","birth","July",1972,306,5.023104,53.28443
"RN00691","nest",NA,NA,NA,NA,NA
"RN00692","birth","June",1972,634,5.0785,53.29942
"RN00692","nest",NA,NA,NA,NA,NA
"RN00693","birth","June",1972,634,5.0785,53.29942
"RN00693","nest",NA,NA,NA,NA,NA
"RN00694","birth","June",1972,634,5.0785,53.29942
"RN00694","nest",NA,NA,NA,NA,NA
"RN00695","birth","July",1973,587,5.056053,53.30052
"RN00695","nest",NA,NA,NA,NA,NA
"RN00696","birth","July",1973,587,5.056053,53.30052
"RN00696","nest",NA,NA,NA,NA,NA
"RN00697","birth","July",1973,587,5.056053,53.30052
"RN00697","nest",NA,NA,NA,NA,NA
"RN00698","birth","June",1973,858,5.058731,53.29604
"RN00698","nest","March",1984,470,5.06618,53.3002
"RN00698","nest","May",1984,310,5.024732,53.28417
"RN00698","nest","May",1984,661,5.056512,53.29445
"RN00698","nest","March",1985,1030,5.0757,53.30472
"RN00698","nest",NA,NA,NA,NA,NA
"RN00699","birth","June",1973,858,5.058731,53.29604
"RN00699","nest",NA,NA,NA,NA,NA
"RN00700","birth","June",1973,858,5.058731,53.29604
"RN00700","nest",NA,NA,NA,NA,NA
"RN00701","birth","March",1974,566,5.0793,53.30346
"RN00701","nest",NA,NA,NA,NA,NA
"RN00702","birth","March",1974,566,5.0793,53.30346
"RN00702","nest",NA,NA,NA,NA,NA
"RN00703","birth","March",1974,566,5.0793,53.30346
"RN00703","nest","April",1983,444,5.056133,53.30078
"RN00703","nest","May",1984,615,5.0808,53.30266
"RN00703","nest","April",1984,119,4.996602,53.27549
"RN00703","nest","April",1984,106,4.997076,53.27551
"RN00703","nest",NA,NA,NA,NA,NA
"RN00704","birth","July",1973,102,4.995656,53.27459
"RN00704","nest",NA,NA,NA,NA,NA
"RN00705","birth","July",1973,102,4.995656,53.27459
"RN00705","nest",NA,NA,NA,NA,NA
"RN00706","birth","July",1973,102,4.995656,53.27459
"RN00706","nest",NA,NA,NA,NA,NA
"RN00707","birth","June",1973,566,5.0793,53.30346
"RN00707","nest",NA,NA,NA,NA,NA
"RN00708","birth","June",1973,566,5.0793,53.30346
"RN00708","nest",NA,NA,NA,NA,NA
"RN00709","birth","June",1973,566,5.0793,53.30346
"RN00709","nest",NA,NA,NA,NA,NA
"RN00710","birth","June",1974,108,4.999194,53.27405
"RN00710","nest",NA,NA,NA,NA,NA
"RN00711","birth","June",1974,108,4.999194,53.27405
"RN00711","nest",NA,NA,NA,NA,NA
"RN00712","birth","June",1974,108,4.999194,53.27405
"RN00712","nest",NA,NA,NA,NA,NA
"RN00713","birth","March",1973,667,5.052337,53.2954
"RN00713","nest",NA,NA,NA,NA,NA
"RN00714","birth","March",1973,667,5.052337,53.2954
"RN00714","nest",NA,NA,NA,NA,NA
"RN00715","birth","March",1973,667,5.052337,53.2954
"RN00715","nest",NA,NA,NA,NA,NA
"RN00716","birth","May",1974,648,5.0699,53.29971
"RN00716","nest",NA,NA,NA,NA,NA
"RN00717","birth","May",1974,648,5.0699,53.29971
"RN00717","nest",NA,NA,NA,NA,NA
"RN00718","birth","May",1974,648,5.0699,53.29971
"RN00718","nest",NA,NA,NA,NA,NA
"RN00719","birth","March",1973,663,5.0533,53.29186
"RN00719","nest","March",1983,699,5.046331,53.29174
"RN00719","nest","May",1984,871,5.0846,53.29787
"RN00719","nest","May",1984,214,5.014016,53.2795
"RN00719","nest","March",1985,35,4.987165,53.27298
"RN00719","nest",NA,NA,NA,NA,NA
"RN00720","birth","March",1973,663,5.0533,53.29186
"RN00720","nest",NA,NA,NA,NA,NA
"RN00721","birth","March",1973,663,5.0533,53.29186
"RN00721","nest",NA,NA,NA,NA,NA
"RN00722","birth","March",1973,454,5.048339,53.29643
"RN00722","nest",NA,NA,NA,NA,NA
"RN00723","birth","March",1973,454,5.048339,53.29643
"RN00723","nest",NA,NA,NA,NA,NA
"RN00724","birth","March",1973,454,5.048339,53.29643
"RN00724","nest",NA,NA,NA,NA,NA
"RN00725","birth","June",1972,482,5.060695,53.30138
"RN00725","nest",NA,NA,NA,NA,NA
"RN00726","birth","June",1972,482,5.060695,53.30138
"RN00726","nest",NA,NA,NA,NA,NA
"RN00727","birth","June",1972,482,5.060695,53.30138
"RN00727","nest",NA,NA,NA,NA,NA
"RN00728","birth","June",1972,679,5.0615,53.30026
"RN00728","nest",NA,NA,NA,NA,NA
"RN00729","birth","June",1972,679,5.0615,53.30026
"RN00729","nest",NA,NA,NA,NA,NA
"RN00730","birth","June",1972,679,5.0615,53.30026
"RN00730","nest",NA,NA,NA,NA,NA
"RN00731","birth","March",1972,114,4.997665,53.2755
"RN00731","nest",NA,NA,NA,NA,NA
"RN00732","birth","March",1972,114,4.997665,53.2755
"RN00732","nest",NA,NA,NA,NA,NA
"RN00733","birth","March",1972,114,4.997665,53.2755
"RN00733","nest",NA,NA,NA,NA,NA
"RN00734","birth","March",1973,601,5.0763,53.3044
"RN00734","nest",NA,NA,NA,NA,NA
"RN00735","birth","March",1973,601,5.0763,53.3044
"RN00735","nest",NA,NA,NA,NA,NA
"RN00736","birth","March",1973,601,5.0763,53.3044
"RN00736","nest",NA,NA,NA,NA,NA
"RN00737","birth","June",1974,241,5.016071,53.27917
"RN00737","nest",NA,NA,NA,NA,NA
"RN00738","birth","June",1974,241,5.016071,53.27917
"RN00738","nest",NA,NA,NA,NA,NA
"RN00739","birth","June",1974,241,5.016071,53.27917
"RN00739","nest",NA,NA,NA,NA,NA
"RN00740","birth","July",1972,691,5.082373,53.30225
"RN00740","nest",NA,NA,NA,NA,NA
"RN00741","birth","July",1972,691,5.082373,53.30225
"RN00741","nest",NA,NA,NA,NA,NA
"RN00742","birth","July",1972,691,5.082373,53.30225
"RN00742","nest",NA,NA,NA,NA,NA
"RN00743","birth","July",1972,240,5.015945,53.28043
"RN00743","nest",NA,NA,NA,NA,NA
"RN00744","birth","July",1972,240,5.015945,53.28043
"RN00744","nest",NA,NA,NA,NA,NA
"RN00745","birth","July",1972,240,5.015945,53.28043
"RN00745","nest",NA,NA,NA,NA,NA
"RN00746","birth","April",1985,472,5.0736,53.3022
"RN00746","nest",NA,NA,NA,NA,NA
"RN00747","birth","April",1985,472,5.0736,53.3022
"RN00747","nest",NA,NA,NA,NA,NA
"RN00748","birth","April",1985,472,5.0736,53.3022
"RN00748","nest",NA,NA,NA,NA,NA
"RN00749","birth","March",1984,601,5.0763,53.3044
"RN00749","nest",NA,NA,NA,NA,NA
"RN00750","birth","March",1984,601,5.0763,53.3044
"RN00750","nest",NA,NA,NA,NA,NA
"RN00751","birth","March",1984,601,5.0763,53.3044
"RN00751","nest",NA,NA,NA,NA,NA
"RN00752","birth","May",1985,1018,5.069736,53.30153
"RN00752","nest",NA,NA,NA,NA,NA
"RN00753","birth","May",1985,1018,5.069736,53.30153
"RN00753","nest",NA,NA,NA,NA,NA
"RN00754","birth","May",1985,1018,5.069736,53.30153
"RN00754","nest",NA,NA,NA,NA,NA
"RN00755","birth","March",1985,330,5.031643,53.28124
"RN00755","nest",NA,NA,NA,NA,NA
"RN00756","birth","March",1985,330,5.031643,53.28124
"RN00756","nest",NA,NA,NA,NA,NA
"RN00757","birth","March",1985,330,5.031643,53.28124
"RN00757","nest",NA,NA,NA,NA,NA
"RN00758","birth","March",1984,470,5.06618,53.3002
"RN00758","nest",NA,NA,NA,NA,NA
"RN00759","birth","March",1984,470,5.06618,53.3002
"RN00759","nest",NA,NA,NA,NA,NA
"RN00760","birth","March",1984,470,5.06618,53.3002
"RN00760","nest",NA,NA,NA,NA,NA
"RN00761","birth","March",1985,1030,5.0757,53.30472
"RN00761","nest",NA,NA,NA,NA,NA
"RN00762","birth","March",1985,1030,5.0757,53.30472
"RN00762","nest",NA,NA,NA,NA,NA
"RN00763","birth","March",1985,1030,5.0757,53.30472
"RN00763","nest",NA,NA,NA,NA,NA
"RN00764","birth","May",1984,310,5.024732,53.28417
"RN00764","nest",NA,NA,NA,NA,NA
"RN00765","birth","May",1984,310,5.024732,53.28417
"RN00765","nest",NA,NA,NA,NA,NA
"RN00766","birth","May",1984,310,5.024732,53.28417
"RN00766","nest",NA,NA,NA,NA,NA
"RN00767","birth","May",1984,661,5.056512,53.29445
"RN00767","nest",NA,NA,NA,NA,NA
"RN00768","birth","May",1984,661,5.056512,53.29445
"RN00768","nest",NA,NA,NA,NA,NA
"RN00769","birth","May",1984,661,5.056512,53.29445
"RN00769","nest",NA,NA,NA,NA,NA
"RN00770","birth","May",1984,615,5.0808,53.30266
"RN00770","nest",NA,NA,NA,NA,NA
"RN00771","birth","May",1984,615,5.0808,53.30266
"RN00771","nest",NA,NA,NA,NA,NA
"RN00772","birth","May",1984,615,5.0808,53.30266
"RN00772","nest",NA,NA,NA,NA,NA
"RN00773","birth","April",1983,444,5.056133,53.30078
"RN00773","nest",NA,NA,NA,NA,NA
"RN00774","birth","April",1983,444,5.056133,53.30078
"RN00774","nest",NA,NA,NA,NA,NA
"RN00775","birth","April",1983,444,5.056133,53.30078
"RN00775","nest",NA,NA,NA,NA,NA
"RN00776","birth","April",1984,119,4.996602,53.27549
"RN00776","nest",NA,NA,NA,NA,NA
"RN00777","birth","April",1984,119,4.996602,53.27549
"RN00777","nest",NA,NA,NA,NA,NA
"RN00778","birth","April",1984,119,4.996602,53.27549
"RN00778","nest",NA,NA,NA,NA,NA
"RN00779","birth","April",1984,106,4.997076,53.27551
"RN00779","nest",NA,NA,NA,NA,NA
"RN00780","birth","April",1984,106,4.997076,53.27551
"RN00780","nest",NA,NA,NA,NA,NA
"RN00781","birth","April",1984,106,4.997076,53.27551
"RN00781","nest",NA,NA,NA,NA,NA
"RN00782","birth","July",1984,510,5.047463,53.29634
"RN00782","nest",NA,NA,NA,NA,NA
"RN00783","birth","July",1984,510,5.047463,53.29634
"RN00783","nest",NA,NA,NA,NA,NA
"RN00784","birth","July",1984,510,5.047463,53.29634
"RN00784","nest",NA,NA,NA,NA,NA
"RN00785","birth","April",1985,665,5.0523,53.29269
"RN00785","nest",NA,NA,NA,NA,NA
"RN00786","birth","April",1985,665,5.0523,53.29269
"RN00786","nest",NA,NA,NA,NA,NA
"RN00787","birth","April",1985,665,5.0523,53.29269
"RN00787","nest",NA,NA,NA,NA,NA
"RN00788","birth","March",1983,651,5.0609,53.30053
"RN00788","nest",NA,NA,NA,NA,NA
"RN00789","birth","March",1983,651,5.0609,53.30053
"RN00789","nest",NA,NA,NA,NA,NA
"RN00790","birth","March",1983,651,5.0609,53.30053
"RN00790","nest",NA,NA,NA,NA,NA
"RN00791","birth","June",1983,427,5.067788,53.30452
"RN00791","nest",NA,NA,NA,NA,NA
"RN00792","birth","June",1983,427,5.067788,53.30452
"RN00792","nest",NA,NA,NA,NA,NA
"RN00793","birth","June",1983,427,5.067788,53.30452
"RN00793","nest",NA,NA,NA,NA,NA
"RN00794","birth","May",1984,871,5.0846,53.29787
"RN00794","nest",NA,NA,NA,NA,NA
"RN00795","birth","May",1984,871,5.0846,53.29787
"RN00795","nest",NA,NA,NA,NA,NA
"RN00796","birth","May",1984,871,5.0846,53.29787
"RN00796","nest",NA,NA,NA,NA,NA
"RN00797","birth","March",1983,699,5.046331,53.29174
"RN00797","nest",NA,NA,NA,NA,NA
"RN00798","birth","March",1983,699,5.046331,53.29174
"RN00798","nest",NA,NA,NA,NA,NA
"RN00799","birth","March",1983,699,5.046331,53.29174
"RN00799","nest",NA,NA,NA,NA,NA
"RN00800","birth","May",1984,214,5.014016,53.2795
"RN00800","nest",NA,NA,NA,NA,NA
"RN00801","birth","May",1984,214,5.014016,53.2795
"RN00801","nest",NA,NA,NA,NA,NA
"RN00802","birth","May",1984,214,5.014016,53.2795
"RN00802","nest",NA,NA,NA,NA,NA
"RN00803","birth","March",1985,35,4.987165,53.27298
"RN00803","nest",NA,NA,NA,NA,NA
"RN00804","birth","March",1985,35,4.987165,53.27298
"RN00804","nest",NA,NA,NA,NA,NA
"RN00805","birth","March",1985,35,4.987165,53.27298
"RN00805","nest",NA,NA,NA,NA,NA
